"Name","ID","State","Notes","User","Tags","Created","Runtime","Sweep","alpha","beta","ckpt","indexpath","judgements","maxdocs","name","nrerank","quality_model","queryexp","querypath","resultpath","test","titleboost","topicpath","type","nDCG@5","nDCG@5_corr"
"lucene-baseline","u15lpm58","finished","Lucene Baseline","tommaso-green","tira_submission","2021-05-06T17:58:56.000Z","56","","0","0.05","argument_quality/model_checkpoints/bert-base-uncased_best-epoch=07-val_r2=0.60.ckpt","","","100","","5","","no","","","","0","","normalize","0.8224",""
"distinctive-sweep-110","qtldhheg","finished","-","lucamoro","","2021-05-06T10:20:07.000Z","379","ykf9dn7p","0.1","0.8","argument_quality/model_checkpoints/albert-base-v2_best-epoch=04-val_r2=0.60.ckpt","","","100","","15","","no","","","","0","","hybrid","0.7992",""
"playful-sweep-109","5w8smjdu","finished","-","lucamoro","","2021-05-06T10:11:08.000Z","1298534","ykf9dn7p","0.1","0.8","argument_quality/model_checkpoints/albert-base-v2_best-epoch=04-val_r2=0.60.ckpt","","","100","","15","","yes","","","","0","","hybrid","0.6686","0.6686"
"different-sweep-224","h4tscrkw","finished","-","tommaso-green","","2021-05-06T09:49:00.000Z","190","pxf10n30","0.75","2","argument_quality/model_checkpoints/roberta-base_best-epoch=08-val_r2=0.62.ckpt","","","100","","5","","no","","","","0","","sigmoid","0.8103",""
"fine-sweep-223","99wljan1","finished","-","albyval97","","2021-05-06T09:48:26.000Z","209","pxf10n30","0.75","2","argument_quality/model_checkpoints/roberta-base_best-epoch=08-val_r2=0.62.ckpt","","","100","","5","","no","","","","0","","normalize","0.7643",""
"curious-sweep-222","5c8654aw","finished","-","tommaso-green","","2021-05-06T09:47:05.000Z","1299799","pxf10n30","0.75","2","argument_quality/model_checkpoints/distilbert-base-uncased_best-epoch=04-val_r2=0.62.ckpt","","","100","","5","","no","","","","0","","sigmoid","0.8149","0.8149"
"volcanic-sweep-221","5tp1xda1","finished","-","albyval97","","2021-05-06T09:46:29.000Z","1299921","pxf10n30","0.75","2","argument_quality/model_checkpoints/distilbert-base-uncased_best-epoch=04-val_r2=0.62.ckpt","","","100","","5","","no","","","","0","","normalize","0.7671","0.7671"
"polar-sweep-220","hpvn6x58","finished","-","tommaso-green","","2021-05-06T09:43:46.000Z","196","pxf10n30","0.75","2","argument_quality/model_checkpoints/albert-base-v2_best-epoch=04-val_r2=0.60.ckpt","","","100","","5","","no","","","","0","","sigmoid","0.8229",""
"rose-sweep-219","xckyen00","finished","-","albyval97","","2021-05-06T09:42:43.000Z","224","pxf10n30","0.75","2","argument_quality/model_checkpoints/albert-base-v2_best-epoch=04-val_r2=0.60.ckpt","","","100","","5","","no","","","","0","","normalize","0.7761",""
"mild-sweep-218","zt9lht69","finished","-","tommaso-green","","2021-05-06T09:40:27.000Z","196","pxf10n30","0.75","2","argument_quality/model_checkpoints/bert-base-uncased_best-epoch=07-val_r2=0.60.ckpt","","","100","","5","","no","","","","0","","sigmoid","0.8271",""
"silver-sweep-217","t5jf6rhs","finished","-","albyval97","","2021-05-06T09:39:09.000Z","208","pxf10n30","0.75","2","argument_quality/model_checkpoints/bert-base-uncased_best-epoch=07-val_r2=0.60.ckpt","","","100","","5","","no","","","","0","","normalize","0.7813",""
"bright-sweep-216","r8ecvlw4","finished","-","tommaso-green","","2021-05-06T09:37:00.000Z","199","pxf10n30","0.75","1.5","argument_quality/model_checkpoints/roberta-base_best-epoch=08-val_r2=0.62.ckpt","","","100","","5","","no","","","","0","","sigmoid","0.8103",""
"pretty-sweep-215","xvrb6jtq","finished","-","albyval97","","2021-05-06T09:35:27.000Z","215","pxf10n30","0.75","1.5","argument_quality/model_checkpoints/roberta-base_best-epoch=08-val_r2=0.62.ckpt","","","100","","5","","no","","","","0","","normalize","0.7643",""
"crimson-sweep-214","lbf8st8l","finished","-","tommaso-green","","2021-05-06T09:35:10.000Z","106","pxf10n30","0.75","1.5","argument_quality/model_checkpoints/distilbert-base-uncased_best-epoch=04-val_r2=0.62.ckpt","","","100","","5","","no","","","","0","","sigmoid","0.8149",""
"sweet-sweep-213","t9l9jl3l","finished","-","tommaso-green","","2021-05-06T09:33:20.000Z","108","pxf10n30","0.75","1.5","argument_quality/model_checkpoints/distilbert-base-uncased_best-epoch=04-val_r2=0.62.ckpt","","","100","","5","","no","","","","0","","normalize","0.8136",""
"prime-sweep-212","x0o2b3dx","finished","-","albyval97","","2021-05-06T09:31:42.000Z","220","pxf10n30","0.75","1.5","argument_quality/model_checkpoints/albert-base-v2_best-epoch=04-val_r2=0.60.ckpt","","","100","","5","","no","","","","0","","sigmoid","0.7745",""
"firm-sweep-211","k6iggryi","finished","-","tommaso-green","","2021-05-06T09:30:00.000Z","197","pxf10n30","0.75","1.5","argument_quality/model_checkpoints/albert-base-v2_best-epoch=04-val_r2=0.60.ckpt","","","100","","5","","no","","","","0","","normalize","0.8226",""
"neat-sweep-210","oeujj9l0","finished","-","albyval97","","2021-05-06T09:28:08.000Z","210","pxf10n30","0.75","1.5","argument_quality/model_checkpoints/bert-base-uncased_best-epoch=07-val_r2=0.60.ckpt","","","100","","5","","no","","","","0","","sigmoid","0.7813",""
"ethereal-sweep-209","pqgye027","finished","-","tommaso-green","","2021-05-06T09:26:51.000Z","186","pxf10n30","0.75","1.5","argument_quality/model_checkpoints/bert-base-uncased_best-epoch=07-val_r2=0.60.ckpt","","","100","","5","","no","","","","0","","normalize","0.8279",""
"exalted-sweep-208","lxmdjotn","finished","-","albyval97","","2021-05-06T09:24:29.000Z","214","pxf10n30","0.75","1.1","argument_quality/model_checkpoints/roberta-base_best-epoch=08-val_r2=0.62.ckpt","","","100","","5","","no","","","","0","","sigmoid","0.7638",""
"warm-sweep-207","l5cda9mc","finished","-","tommaso-green","","2021-05-06T09:23:27.000Z","197","pxf10n30","0.75","1.1","argument_quality/model_checkpoints/roberta-base_best-epoch=08-val_r2=0.62.ckpt","","","100","","5","","no","","","","0","","normalize","0.8123",""
"lucky-sweep-206","3sjcehgq","finished","-","albyval97","","2021-05-06T09:22:28.000Z","1301049","pxf10n30","0.75","1.1","argument_quality/model_checkpoints/distilbert-base-uncased_best-epoch=04-val_r2=0.62.ckpt","","","100","","5","","no","","","","0","","sigmoid","0.7684","0.7684"
"icy-sweep-205","43mbu1du","finished","-","tommaso-green","","2021-05-06T09:21:30.000Z","1301136","pxf10n30","0.75","1.1","argument_quality/model_checkpoints/distilbert-base-uncased_best-epoch=04-val_r2=0.62.ckpt","","","100","","5","","no","","","","0","","normalize","0.8136","0.8136"
"vague-sweep-204","0edzeu0i","finished","-","albyval97","","2021-05-06T09:18:39.000Z","1300753","pxf10n30","0.75","1.1","argument_quality/model_checkpoints/albert-base-v2_best-epoch=04-val_r2=0.60.ckpt","","","100","","5","","no","","","","0","","sigmoid","0.7745","0.7745"
"northern-sweep-203","befy6gya","finished","-","tommaso-green","","2021-05-06T09:18:00.000Z","205","pxf10n30","0.75","1.1","argument_quality/model_checkpoints/albert-base-v2_best-epoch=04-val_r2=0.60.ckpt","","","100","","5","","no","","","","0","","normalize","0.8226",""
"generous-sweep-108","ylcrfdiy","finished","-","lucamoro","","2021-05-06T09:15:40.000Z","242","ykf9dn7p","0.1","0.8","argument_quality/model_checkpoints/albert-base-v2_best-epoch=04-val_r2=0.60.ckpt","","","100","","10","","no","","","","0","","hybrid","0.7992",""
"wobbly-sweep-202","n1mq0qo6","finished","-","albyval97","","2021-05-06T09:15:15.000Z","202","pxf10n30","0.75","1.1","argument_quality/model_checkpoints/bert-base-uncased_best-epoch=07-val_r2=0.60.ckpt","","","100","","5","","no","","","","0","","sigmoid","0.7816",""
"lunar-sweep-201","6dngyx5w","finished","High score, best model ever.","tommaso-green","tira_submission","2021-05-06T09:14:40.000Z","1302004","pxf10n30","0.75","1.1","argument_quality/model_checkpoints/bert-base-uncased_best-epoch=07-val_r2=0.60.ckpt","","","100","","5","","no","","","","0","","normalize","0.8279","0.8279"
"dauntless-sweep-200","bljc9ibm","finished","-","albyval97","","2021-05-06T09:12:07.000Z","186","pxf10n30","0.75","0.8","argument_quality/model_checkpoints/roberta-base_best-epoch=08-val_r2=0.62.ckpt","","","100","","5","","no","","","","0","","sigmoid","0.7601",""
"sparkling-sweep-199","lksu1sd9","finished","-","tommaso-green","","2021-05-06T09:11:31.000Z","185","pxf10n30","0.75","0.8","argument_quality/model_checkpoints/roberta-base_best-epoch=08-val_r2=0.62.ckpt","","","100","","5","","no","","","","0","","normalize","0.8123",""
"daily-sweep-107","dfx7zxj3","finished","-","lucamoro","","2021-05-06T09:11:23.000Z","246","ykf9dn7p","0.1","0.8","argument_quality/model_checkpoints/albert-base-v2_best-epoch=04-val_r2=0.60.ckpt","","","100","","10","","yes","","","","0","","hybrid","0.6686",""
"soft-sweep-198","epht72zz","finished","-","albyval97","","2021-05-06T09:10:28.000Z","97","pxf10n30","0.75","0.8","argument_quality/model_checkpoints/distilbert-base-uncased_best-epoch=04-val_r2=0.62.ckpt","","","100","","5","","no","","","","0","","sigmoid","0.7684",""
"devoted-sweep-106","wgxtfkzz","finished","-","lucamoro","","2021-05-06T09:08:49.000Z","119","ykf9dn7p","0.1","0.8","argument_quality/model_checkpoints/albert-base-v2_best-epoch=04-val_r2=0.60.ckpt","","","100","","5","","no","","","","0","","hybrid","0.8186",""
"jumping-sweep-197","4v7zcu81","finished","-","albyval97","","2021-05-06T09:08:49.000Z","1302001","pxf10n30","0.75","0.8","argument_quality/model_checkpoints/distilbert-base-uncased_best-epoch=04-val_r2=0.62.ckpt","","","100","","5","","no","","","","0","","normalize","0.7671","0.7671"
"super-sweep-105","p3hmzdlf","finished","-","lucamoro","","2021-05-06T09:06:22.000Z","142","ykf9dn7p","0.1","0.8","argument_quality/model_checkpoints/albert-base-v2_best-epoch=04-val_r2=0.60.ckpt","","","100","","5","","yes","","","","0","","hybrid","0.6802",""
"balmy-sweep-195","onn7johl","finished","-","albyval97","","2021-05-06T09:05:35.000Z","188","pxf10n30","0.75","0.8","argument_quality/model_checkpoints/albert-base-v2_best-epoch=04-val_r2=0.60.ckpt","","","100","","5","","no","","","","0","","normalize","0.7761",""
"worldly-sweep-196","5r207wwj","finished","-","tommaso-green","","2021-05-06T09:05:35.000Z","1302360","pxf10n30","0.75","0.8","argument_quality/model_checkpoints/albert-base-v2_best-epoch=04-val_r2=0.60.ckpt","","","100","","5","","no","","","","0","","sigmoid","0.8229","0.8229"
"lunar-sweep-194","umji66qz","finished","-","albyval97","","2021-05-06T09:02:23.000Z","178","pxf10n30","0.75","0.8","argument_quality/model_checkpoints/bert-base-uncased_best-epoch=07-val_r2=0.60.ckpt","","","100","","5","","no","","","","0","","sigmoid","0.7809",""
"light-sweep-193","c2bwdl0s","finished","-","tommaso-green","","2021-05-06T08:59:22.000Z","362","pxf10n30","0.75","0.8","argument_quality/model_checkpoints/bert-base-uncased_best-epoch=07-val_r2=0.60.ckpt","","","100","","5","","no","","","","0","","normalize","0.8279",""
"dainty-sweep-104","9vzndyei","finished","-","lucamoro","","2021-05-06T08:59:18.000Z","421","ykf9dn7p","0.1","0.8","argument_quality/model_checkpoints/bert-base-uncased_best-epoch=07-val_r2=0.60.ckpt","","","100","","20","","no","","","","0","","hybrid","0.8097",""
"lilac-sweep-192","7od3t7hm","finished","-","albyval97","","2021-05-06T08:59:00.000Z","1303056","pxf10n30","0.75","0.3","argument_quality/model_checkpoints/roberta-base_best-epoch=08-val_r2=0.62.ckpt","","","100","","5","","no","","","","0","","sigmoid","0.7704","0.7704"
"effortless-sweep-191","84hiiebg","finished","-","albyval97","","2021-05-06T08:55:45.000Z","1303359","pxf10n30","0.75","0.3","argument_quality/model_checkpoints/roberta-base_best-epoch=08-val_r2=0.62.ckpt","","","100","","5","","no","","","","0","","normalize","0.7643","0.7643"
"fancy-sweep-190","mifuc0n1","finished","-","tommaso-green","","2021-05-06T08:55:23.000Z","236","pxf10n30","0.75","0.3","argument_quality/model_checkpoints/distilbert-base-uncased_best-epoch=04-val_r2=0.62.ckpt","","","100","","5","","no","","","","0","","sigmoid","0.8142",""
"lemon-sweep-189","fsr8mc0e","finished","-","albyval97","","2021-05-06T08:54:00.000Z","98","pxf10n30","0.75","0.3","argument_quality/model_checkpoints/distilbert-base-uncased_best-epoch=04-val_r2=0.62.ckpt","","","100","","5","","no","","","","0","","normalize","0.7671",""
"sunny-sweep-103","m9vrdos8","finished","-","lucamoro","","2021-05-06T08:51:04.000Z","485","ykf9dn7p","0.1","0.8","argument_quality/model_checkpoints/bert-base-uncased_best-epoch=07-val_r2=0.60.ckpt","","","100","","20","","yes","","","","0","","hybrid","0.6726",""
"legendary-sweep-188","vmk7axgp","finished","-","albyval97","","2021-05-06T08:50:45.000Z","192","pxf10n30","0.75","0.3","argument_quality/model_checkpoints/albert-base-v2_best-epoch=04-val_r2=0.60.ckpt","","","100","","5","","no","","","","0","","sigmoid","0.7746",""
"lively-sweep-187","u8p5hcr4","finished","-","albyval97","","2021-05-06T08:47:26.000Z","192","pxf10n30","0.75","0.3","argument_quality/model_checkpoints/albert-base-v2_best-epoch=04-val_r2=0.60.ckpt","","","100","","5","","no","","","","0","","normalize","0.7761",""
"toasty-sweep-186","upbn2o6v","finished","-","tommaso-green","","2021-05-06T08:45:43.000Z","577","pxf10n30","0.75","0.3","argument_quality/model_checkpoints/bert-base-uncased_best-epoch=07-val_r2=0.60.ckpt","","","100","","5","","no","","","","0","","sigmoid","0.8259",""
"brisk-sweep-185","cumya9jj","finished","-","albyval97","","2021-05-06T08:44:14.000Z","181","pxf10n30","0.75","0.3","argument_quality/model_checkpoints/bert-base-uncased_best-epoch=07-val_r2=0.60.ckpt","","","100","","5","","no","","","","0","","normalize","0.7813",""
"jolly-sweep-102","56si46i2","finished","-","lucamoro","","2021-05-06T08:43:08.000Z","1303603","ykf9dn7p","0.1","0.8","argument_quality/model_checkpoints/bert-base-uncased_best-epoch=07-val_r2=0.60.ckpt","","","100","","15","","no","","","","0","","hybrid","0.8097","0.8097"
"glorious-sweep-184","nf99jrtq","finished","-","albyval97","","2021-05-06T08:41:06.000Z","184","pxf10n30","0.75","0.2","argument_quality/model_checkpoints/roberta-base_best-epoch=08-val_r2=0.62.ckpt","","","100","","5","","no","","","","0","","sigmoid","0.7832",""
"fresh-sweep-183","h8yy4tel","finished","-","tommaso-green","","2021-05-06T08:39:56.000Z","331","pxf10n30","0.75","0.2","argument_quality/model_checkpoints/roberta-base_best-epoch=08-val_r2=0.62.ckpt","","","100","","5","","no","","","","0","","normalize","0.8123",""
"balmy-sweep-182","r6g0y2yy","finished","-","albyval97","","2021-05-06T08:39:27.000Z","96","pxf10n30","0.75","0.2","argument_quality/model_checkpoints/distilbert-base-uncased_best-epoch=04-val_r2=0.62.ckpt","","","100","","5","","no","","","","0","","sigmoid","0.7749",""
"genial-sweep-181","wiz0mi8u","finished","-","albyval97","","2021-05-06T08:37:48.000Z","97","pxf10n30","0.75","0.2","argument_quality/model_checkpoints/distilbert-base-uncased_best-epoch=04-val_r2=0.62.ckpt","","","100","","5","","no","","","","0","","normalize","0.7671",""
"floral-sweep-180","ydaw6ujk","finished","-","tommaso-green","","2021-05-06T08:36:31.000Z","191","pxf10n30","0.75","0.2","argument_quality/model_checkpoints/albert-base-v2_best-epoch=04-val_r2=0.60.ckpt","","","100","","5","","no","","","","0","","sigmoid","0.8175",""
"electric-sweep-101","2553u2nb","finished","-","lucamoro","","2021-05-06T08:35:06.000Z","1303592","ykf9dn7p","0.1","0.8","argument_quality/model_checkpoints/bert-base-uncased_best-epoch=07-val_r2=0.60.ckpt","","","100","","15","","yes","","","","0","","hybrid","0.6726","0.6726"
"tough-sweep-179","6q5hzuvc","finished","-","albyval97","","2021-05-06T08:34:25.000Z","1304451","pxf10n30","0.75","0.2","argument_quality/model_checkpoints/albert-base-v2_best-epoch=04-val_r2=0.60.ckpt","","","100","","5","","no","","","","0","","normalize","0.7761","0.7761"
"deft-sweep-178","f90csjjm","finished","-","tommaso-green","","2021-05-06T08:33:01.000Z","205","pxf10n30","0.75","0.2","argument_quality/model_checkpoints/bert-base-uncased_best-epoch=07-val_r2=0.60.ckpt","","","100","","5","","no","","","","0","","sigmoid","0.822",""
"efficient-sweep-177","csmht6c1","finished","-","albyval97","","2021-05-06T08:31:22.000Z","178","pxf10n30","0.75","0.2","argument_quality/model_checkpoints/bert-base-uncased_best-epoch=07-val_r2=0.60.ckpt","","","100","","5","","no","","","","0","","normalize","0.7813",""
"unique-sweep-100","owe5xmnb","finished","-","lucamoro","","2021-05-06T08:31:20.000Z","214","ykf9dn7p","0.1","0.8","argument_quality/model_checkpoints/bert-base-uncased_best-epoch=07-val_r2=0.60.ckpt","","","100","","10","","no","","","","0","","hybrid","0.8097",""
"fragrant-sweep-176","zaqcw5if","finished","-","tommaso-green","","2021-05-06T08:29:33.000Z","199","pxf10n30","0.75","0.1","argument_quality/model_checkpoints/roberta-base_best-epoch=08-val_r2=0.62.ckpt","","","100","","5","","no","","","","0","","sigmoid","0.8242",""
"wobbly-sweep-175","cbxn41dx","finished","-","albyval97","","2021-05-06T08:28:12.000Z","183","pxf10n30","0.75","0.1","argument_quality/model_checkpoints/roberta-base_best-epoch=08-val_r2=0.62.ckpt","","","100","","5","","no","","","","0","","normalize","0.7643",""
"sweet-sweep-99","tahqabrr","finished","-","lucamoro","","2021-05-06T08:27:29.000Z","229","ykf9dn7p","0.1","0.8","argument_quality/model_checkpoints/bert-base-uncased_best-epoch=07-val_r2=0.60.ckpt","","","100","","10","","yes","","","","0","","hybrid","0.6726",""
"fiery-sweep-174","qof2lmw7","finished","-","tommaso-green","","2021-05-06T08:27:16.000Z","129","pxf10n30","0.75","0.1","argument_quality/model_checkpoints/distilbert-base-uncased_best-epoch=04-val_r2=0.62.ckpt","","","100","","5","","no","","","","0","","sigmoid","0.8229",""
"fast-sweep-173","81fjaq5y","finished","-","albyval97","","2021-05-06T08:26:33.000Z","1305095","pxf10n30","0.75","0.1","argument_quality/model_checkpoints/distilbert-base-uncased_best-epoch=04-val_r2=0.62.ckpt","","","100","","5","","no","","","","0","","normalize","0.7671","0.7671"
"rich-sweep-98","i36j98e3","finished","-","lucamoro","","2021-05-06T08:25:50.000Z","95","ykf9dn7p","0.1","0.8","argument_quality/model_checkpoints/bert-base-uncased_best-epoch=07-val_r2=0.60.ckpt","","","100","","5","","no","","","","0","","hybrid","0.8229",""
"youthful-sweep-172","8eyvb1e7","finished","-","tommaso-green","","2021-05-06T08:23:45.000Z","1305338","pxf10n30","0.75","0.1","argument_quality/model_checkpoints/albert-base-v2_best-epoch=04-val_r2=0.60.ckpt","","","100","","5","","no","","","","0","","sigmoid","0.8116","0.8116"
"devout-sweep-97","371x1cm6","finished","-","lucamoro","","2021-05-06T08:23:29.000Z","1304458","ykf9dn7p","0.1","0.8","argument_quality/model_checkpoints/bert-base-uncased_best-epoch=07-val_r2=0.60.ckpt","","","100","","5","","yes","","","","0","","hybrid","0.6831","0.6831"
"usual-sweep-171","jljgr9fz","finished","-","albyval97","","2021-05-06T08:23:19.000Z","190","pxf10n30","0.75","0.1","argument_quality/model_checkpoints/albert-base-v2_best-epoch=04-val_r2=0.60.ckpt","","","100","","5","","no","","","","0","","normalize","0.7761",""
"polished-sweep-170","n665j6bq","finished","-","albyval97","","2021-05-06T08:20:16.000Z","178","pxf10n30","0.75","0.1","argument_quality/model_checkpoints/bert-base-uncased_best-epoch=07-val_r2=0.60.ckpt","","","100","","5","","no","","","","0","","sigmoid","0.7804",""
"cosmic-sweep-169","g7dzuiaq","finished","-","tommaso-green","","2021-05-06T08:20:15.000Z","206","pxf10n30","0.75","0.1","argument_quality/model_checkpoints/bert-base-uncased_best-epoch=07-val_r2=0.60.ckpt","","","100","","5","","no","","","","0","","normalize","0.8279",""
"celestial-sweep-168","sbp77nl1","finished","-","albyval97","","2021-05-06T08:17:01.000Z","183","pxf10n30","0.5","2","argument_quality/model_checkpoints/roberta-base_best-epoch=08-val_r2=0.62.ckpt","","","100","","5","","no","","","","0","","sigmoid","0.7619",""
"prime-sweep-167","r8yn3zls","finished","-","tommaso-green","","2021-05-06T08:16:48.000Z","195","pxf10n30","0.5","2","argument_quality/model_checkpoints/roberta-base_best-epoch=08-val_r2=0.62.ckpt","","","100","","5","","no","","","","0","","normalize","0.8187",""
"driven-sweep-166","lxsbwk5v","finished","-","albyval97","","2021-05-06T08:15:01.000Z","114","pxf10n30","0.5","2","argument_quality/model_checkpoints/distilbert-base-uncased_best-epoch=04-val_r2=0.62.ckpt","","","100","","5","","no","","","","0","","sigmoid","0.7684",""
"likely-sweep-165","32gw5rx4","finished","-","tommaso-green","","2021-05-06T08:14:45.000Z","1304966","pxf10n30","0.5","2","argument_quality/model_checkpoints/distilbert-base-uncased_best-epoch=04-val_r2=0.62.ckpt","","","100","","5","","no","","","","0","","normalize","0.8165","0.8165"
"polished-sweep-164","0snbdi0i","finished","-","albyval97","","2021-05-06T08:11:36.000Z","1304849","pxf10n30","0.5","2","argument_quality/model_checkpoints/albert-base-v2_best-epoch=04-val_r2=0.60.ckpt","","","100","","5","","no","","","","0","","sigmoid","0.7745","0.7745"
"good-sweep-163","fj1dcsbn","finished","-","tommaso-green","","2021-05-06T08:11:07.000Z","211","pxf10n30","0.5","2","argument_quality/model_checkpoints/albert-base-v2_best-epoch=04-val_r2=0.60.ckpt","","","100","","5","","no","","","","0","","normalize","0.8162",""
"helpful-sweep-162","x6r4s9sn","finished","-","albyval97","","2021-05-06T08:08:31.000Z","179","pxf10n30","0.5","2","argument_quality/model_checkpoints/bert-base-uncased_best-epoch=07-val_r2=0.60.ckpt","","","100","","5","","no","","","","0","","sigmoid","0.7816",""
"comic-sweep-161","803asyou","finished","-","tommaso-green","","2021-05-06T08:07:51.000Z","1306194","pxf10n30","0.5","2","argument_quality/model_checkpoints/bert-base-uncased_best-epoch=07-val_r2=0.60.ckpt","","","100","","5","","no","","","","0","","normalize","0.8255","0.8255"
"sage-sweep-160","3aybbx70","finished","-","albyval97","","2021-05-06T08:05:05.000Z","1305591","pxf10n30","0.5","1.5","argument_quality/model_checkpoints/roberta-base_best-epoch=08-val_r2=0.62.ckpt","","","100","","5","","no","","","","0","","sigmoid","0.7627","0.7627"
"fanciful-sweep-159","tu4t5xgh","finished","-","tommaso-green","","2021-05-06T08:03:38.000Z","250","pxf10n30","0.5","1.5","argument_quality/model_checkpoints/roberta-base_best-epoch=08-val_r2=0.62.ckpt","","","100","","5","","no","","","","0","","normalize","0.8187",""
"sunny-sweep-158","fyclh1ea","finished","-","albyval97","","2021-05-06T08:03:26.000Z","96","pxf10n30","0.5","1.5","argument_quality/model_checkpoints/distilbert-base-uncased_best-epoch=04-val_r2=0.62.ckpt","","","100","","5","","no","","","","0","","sigmoid","0.7684",""
"prime-sweep-157","bccww0sk","finished","-","albyval97","","2021-05-06T08:01:42.000Z","96","pxf10n30","0.5","1.5","argument_quality/model_checkpoints/distilbert-base-uncased_best-epoch=04-val_r2=0.62.ckpt","","","100","","5","","no","","","","0","","normalize","0.7738",""
"clean-sweep-156","46u97h8w","finished","-","tommaso-green","","2021-05-06T07:59:57.000Z","1306044","pxf10n30","0.5","1.5","argument_quality/model_checkpoints/albert-base-v2_best-epoch=04-val_r2=0.60.ckpt","","","100","","5","","no","","","","0","","sigmoid","0.8229","0.8229"
"gallant-sweep-155","tpi14zak","finished","-","albyval97","","2021-05-06T07:58:18.000Z","187","pxf10n30","0.5","1.5","argument_quality/model_checkpoints/albert-base-v2_best-epoch=04-val_r2=0.60.ckpt","","","100","","5","","no","","","","0","","normalize","0.7697",""
"dark-sweep-154","mkxfphji","finished","-","tommaso-green","","2021-05-06T07:56:30.000Z","197","pxf10n30","0.5","1.5","argument_quality/model_checkpoints/bert-base-uncased_best-epoch=07-val_r2=0.60.ckpt","","","100","","5","","no","","","","0","","sigmoid","0.8267",""
"stilted-sweep-153","1v7ct8mu","finished","-","albyval97","","2021-05-06T07:55:09.000Z","1305929","pxf10n30","0.5","1.5","argument_quality/model_checkpoints/bert-base-uncased_best-epoch=07-val_r2=0.60.ckpt","","","100","","5","","no","","","","0","","normalize","0.7789","0.7789"
"different-sweep-152","xpdlsgqc","finished","-","tommaso-green","","2021-05-06T07:52:57.000Z","208","pxf10n30","0.5","1.1","argument_quality/model_checkpoints/roberta-base_best-epoch=08-val_r2=0.62.ckpt","","","100","","5","","no","","","","0","","sigmoid","0.8101",""
"upbeat-sweep-151","wz4f5mqz","finished","-","albyval97","","2021-05-06T07:52:01.000Z","183","pxf10n30","0.5","1.1","argument_quality/model_checkpoints/roberta-base_best-epoch=08-val_r2=0.62.ckpt","","","100","","5","","no","","","","0","","normalize","0.7771",""
"desert-sweep-150","badkx4w3","finished","-","tommaso-green","","2021-05-06T07:50:45.000Z","127","pxf10n30","0.5","1.1","argument_quality/model_checkpoints/distilbert-base-uncased_best-epoch=04-val_r2=0.62.ckpt","","","100","","5","","no","","","","0","","sigmoid","0.8151",""
"lemon-sweep-149","1ya0cjmg","finished","-","albyval97","","2021-05-06T07:50:21.000Z","1306232","pxf10n30","0.5","1.1","argument_quality/model_checkpoints/distilbert-base-uncased_best-epoch=04-val_r2=0.62.ckpt","","","100","","5","","no","","","","0","","normalize","0.7738","0.7738"
"toasty-sweep-148","t3t16ltg","finished","-","tommaso-green","","2021-05-06T07:47:04.000Z","207","pxf10n30","0.5","1.1","argument_quality/model_checkpoints/albert-base-v2_best-epoch=04-val_r2=0.60.ckpt","","","100","","5","","no","","","","0","","sigmoid","0.8228",""
"wandering-sweep-147","9u8rywp3","finished","-","albyval97","","2021-05-06T07:46:56.000Z","188","pxf10n30","0.5","1.1","argument_quality/model_checkpoints/albert-base-v2_best-epoch=04-val_r2=0.60.ckpt","","","100","","5","","no","","","","0","","normalize","0.7697",""
"helpful-sweep-146","6ggm0sbi","finished","-","albyval97","","2021-05-06T07:43:54.000Z","1307466","pxf10n30","0.5","1.1","argument_quality/model_checkpoints/bert-base-uncased_best-epoch=07-val_r2=0.60.ckpt","","","100","","5","","no","","","","0","","sigmoid","0.7816","0.7816"
"kind-sweep-145","smbp1jbv","finished","-","tommaso-green","","2021-05-06T07:43:45.000Z","188","pxf10n30","0.5","1.1","argument_quality/model_checkpoints/bert-base-uncased_best-epoch=07-val_r2=0.60.ckpt","","","100","","5","","no","","","","0","","normalize","0.8255",""
"confused-sweep-144","0qnfbpp6","finished","-","albyval97","","2021-05-06T07:40:45.000Z","1306667","pxf10n30","0.5","0.8","argument_quality/model_checkpoints/roberta-base_best-epoch=08-val_r2=0.62.ckpt","","","100","","5","","no","","","","0","","sigmoid","0.7627","0.7627"
"cerulean-sweep-143","1mg0slqg","finished","-","tommaso-green","","2021-05-06T07:40:15.000Z","1306807","pxf10n30","0.5","0.8","argument_quality/model_checkpoints/roberta-base_best-epoch=08-val_r2=0.62.ckpt","","","100","","5","","no","","","","0","","normalize","0.8187","0.8187"
"jumping-sweep-142","cpchto59","finished","-","albyval97","","2021-05-06T07:39:04.000Z","97","pxf10n30","0.5","0.8","argument_quality/model_checkpoints/distilbert-base-uncased_best-epoch=04-val_r2=0.62.ckpt","","","100","","5","","no","","","","0","","sigmoid","0.7684",""
"pretty-sweep-141","9fx7wpkm","finished","-","albyval97","","2021-05-06T07:37:25.000Z","97","pxf10n30","0.5","0.8","argument_quality/model_checkpoints/distilbert-base-uncased_best-epoch=04-val_r2=0.62.ckpt","","","100","","5","","no","","","","0","","normalize","0.7738",""
"dazzling-sweep-140","9xkvgq0y","finished","-","tommaso-green","","2021-05-06T07:36:23.000Z","213","pxf10n30","0.5","0.8","argument_quality/model_checkpoints/albert-base-v2_best-epoch=04-val_r2=0.60.ckpt","","","100","","5","","no","","","","0","","sigmoid","0.8228",""
"swift-sweep-139","p7fgyoy2","finished","-","albyval97","","2021-05-06T07:34:13.000Z","185","pxf10n30","0.5","0.8","argument_quality/model_checkpoints/albert-base-v2_best-epoch=04-val_r2=0.60.ckpt","","","100","","5","","no","","","","0","","normalize","0.7697",""
"volcanic-sweep-138","efzux3h1","finished","-","tommaso-green","","2021-05-06T07:32:46.000Z","199","pxf10n30","0.5","0.8","argument_quality/model_checkpoints/bert-base-uncased_best-epoch=07-val_r2=0.60.ckpt","","","100","","5","","no","","","","0","","sigmoid","0.8271",""
"silvery-sweep-137","b3zkjbyr","finished","-","albyval97","","2021-05-06T07:30:56.000Z","181","pxf10n30","0.5","0.8","argument_quality/model_checkpoints/bert-base-uncased_best-epoch=07-val_r2=0.60.ckpt","","","100","","5","","no","","","","0","","normalize","0.7789",""
"divine-sweep-136","7o6myxlc","finished","-","tommaso-green","","2021-05-06T07:29:25.000Z","1308414","pxf10n30","0.5","0.3","argument_quality/model_checkpoints/roberta-base_best-epoch=08-val_r2=0.62.ckpt","","","100","","5","","no","","","","0","","sigmoid","0.8252","0.8252"
"ethereal-sweep-135","bqvxtbt6","finished","-","albyval97","","2021-05-06T07:27:43.000Z","188","pxf10n30","0.5","0.3","argument_quality/model_checkpoints/roberta-base_best-epoch=08-val_r2=0.62.ckpt","","","100","","5","","no","","","","0","","normalize","0.7771",""
"silvery-sweep-134","rtrln29c","finished","-","albyval97","","2021-05-06T07:26:04.000Z","97","pxf10n30","0.5","0.3","argument_quality/model_checkpoints/distilbert-base-uncased_best-epoch=04-val_r2=0.62.ckpt","","","100","","5","","no","","","","0","","sigmoid","0.7768",""
"leafy-sweep-133","bdfn8brv","finished","-","albyval97","","2021-05-06T07:24:16.000Z","98","pxf10n30","0.5","0.3","argument_quality/model_checkpoints/distilbert-base-uncased_best-epoch=04-val_r2=0.62.ckpt","","","100","","5","","no","","","","0","","normalize","0.7738",""
"stellar-sweep-132","qs5v3eon","finished","-","albyval97","","2021-05-06T07:21:02.000Z","189","pxf10n30","0.5","0.3","argument_quality/model_checkpoints/albert-base-v2_best-epoch=04-val_r2=0.60.ckpt","","","100","","5","","no","","","","0","","sigmoid","0.7721",""
"ethereal-sweep-131","nzmqjqnl","finished","-","albyval97","","2021-05-06T07:17:39.000Z","188","pxf10n30","0.5","0.3","argument_quality/model_checkpoints/albert-base-v2_best-epoch=04-val_r2=0.60.ckpt","","","100","","5","","no","","","","0","","normalize","0.7697",""
"robust-sweep-130","jecyn35m","finished","-","albyval97","","2021-05-06T07:14:31.000Z","185","pxf10n30","0.5","0.3","argument_quality/model_checkpoints/bert-base-uncased_best-epoch=07-val_r2=0.60.ckpt","","","100","","5","","no","","","","0","","sigmoid","0.7768",""
"clean-sweep-129","yi0ub3ek","finished","-","albyval97","","2021-05-06T07:11:17.000Z","185","pxf10n30","0.5","0.3","argument_quality/model_checkpoints/bert-base-uncased_best-epoch=07-val_r2=0.60.ckpt","","","100","","5","","no","","","","0","","normalize","0.7789",""
"smooth-sweep-128","nnj2keqz","finished","-","albyval97","","2021-05-06T07:08:03.000Z","187","pxf10n30","0.5","0.2","argument_quality/model_checkpoints/roberta-base_best-epoch=08-val_r2=0.62.ckpt","","","100","","5","","no","","","","0","","normalize","0.7771",""
"fluent-sweep-127","u77qke7y","finished","-","albyval97","","2021-05-06T07:06:18.000Z","100","pxf10n30","0.5","0.2","argument_quality/model_checkpoints/distilbert-base-uncased_best-epoch=04-val_r2=0.62.ckpt","","","100","","5","","no","","","","0","","sigmoid","0.7791",""
"dark-sweep-126","ony1vrwg","finished","-","albyval97","","2021-05-06T07:04:28.000Z","105","pxf10n30","0.5","0.2","argument_quality/model_checkpoints/distilbert-base-uncased_best-epoch=04-val_r2=0.62.ckpt","","","100","","5","","no","","","","0","","normalize","0.7738",""
"clear-sweep-128","kxt1g2dp","finished","-","albyval97","","2021-05-06T07:00:44.000Z","221","pxf10n30","0.5","0.2","argument_quality/model_checkpoints/roberta-base_best-epoch=08-val_r2=0.62.ckpt","","","100","","5","","no","","","","0","","sigmoid","0.7813",""
"silvery-sweep-124","6vihvmvk","finished","-","tommaso-green","","2021-05-06T03:35:06.000Z","1322441","pxf10n30","0.5","0.2","argument_quality/model_checkpoints/albert-base-v2_best-epoch=04-val_r2=0.60.ckpt","","","100","","5","","no","","","","0","","sigmoid","0.8164","0.8164"
"solar-sweep-123","iyj9upt8","finished","-","tommaso-green","","2021-05-06T03:31:48.000Z","193","pxf10n30","0.5","0.2","argument_quality/model_checkpoints/albert-base-v2_best-epoch=04-val_r2=0.60.ckpt","","","100","","5","","no","","","","0","","normalize","0.8162",""
"spring-sweep-122","cch5387v","finished","-","tommaso-green","","2021-05-06T03:28:49.000Z","174","pxf10n30","0.5","0.2","argument_quality/model_checkpoints/bert-base-uncased_best-epoch=07-val_r2=0.60.ckpt","","","100","","5","","no","","","","0","","sigmoid","0.8266",""
"expert-sweep-121","x1qsg0il","finished","-","tommaso-green","","2021-05-06T03:25:46.000Z","178","pxf10n30","0.5","0.2","argument_quality/model_checkpoints/bert-base-uncased_best-epoch=07-val_r2=0.60.ckpt","","","100","","5","","no","","","","0","","normalize","0.8255",""
"sweepy-sweep-120","uhpt6mqt","finished","-","tommaso-green","","2021-05-06T03:22:43.000Z","180","pxf10n30","0.5","0.1","argument_quality/model_checkpoints/roberta-base_best-epoch=08-val_r2=0.62.ckpt","","","100","","5","","no","","","","0","","sigmoid","0.8214",""
"noble-sweep-119","fwjq2z2j","finished","-","tommaso-green","","2021-05-06T03:19:40.000Z","178","pxf10n30","0.5","0.1","argument_quality/model_checkpoints/roberta-base_best-epoch=08-val_r2=0.62.ckpt","","","100","","5","","no","","","","0","","normalize","0.8187",""
"expert-sweep-118","r4vu3xr5","finished","-","tommaso-green","","2021-05-06T03:17:55.000Z","102","pxf10n30","0.5","0.1","argument_quality/model_checkpoints/distilbert-base-uncased_best-epoch=04-val_r2=0.62.ckpt","","","100","","5","","no","","","","0","","sigmoid","0.8186",""
"fearless-sweep-117","d1t2ay81","finished","-","tommaso-green","","2021-05-06T03:16:05.000Z","105","pxf10n30","0.5","0.1","argument_quality/model_checkpoints/distilbert-base-uncased_best-epoch=04-val_r2=0.62.ckpt","","","100","","5","","no","","","","0","","normalize","0.8165",""
"comic-sweep-116","1acm8rqj","finished","-","tommaso-green","","2021-05-06T03:12:51.000Z","1322821","pxf10n30","0.5","0.1","argument_quality/model_checkpoints/albert-base-v2_best-epoch=04-val_r2=0.60.ckpt","","","100","","5","","no","","","","0","","sigmoid","0.8183","0.8183"
"ancient-sweep-115","tdri51zd","finished","-","tommaso-green","","2021-05-06T03:09:37.000Z","187","pxf10n30","0.5","0.1","argument_quality/model_checkpoints/albert-base-v2_best-epoch=04-val_r2=0.60.ckpt","","","100","","5","","no","","","","0","","normalize","0.8162",""
"exalted-sweep-114","kq8zw3g7","finished","-","tommaso-green","","2021-05-06T03:06:39.000Z","175","pxf10n30","0.5","0.1","argument_quality/model_checkpoints/bert-base-uncased_best-epoch=07-val_r2=0.60.ckpt","","","100","","5","","no","","","","0","","sigmoid","0.825",""
"vocal-sweep-113","5gq5vbd5","finished","-","tommaso-green","","2021-05-06T03:03:41.000Z","1324028","pxf10n30","0.5","0.1","argument_quality/model_checkpoints/bert-base-uncased_best-epoch=07-val_r2=0.60.ckpt","","","100","","5","","no","","","","0","","normalize","0.8255","0.8255"
"clean-sweep-112","7r51h7bs","finished","-","tommaso-green","","2021-05-06T03:00:32.000Z","1324599","pxf10n30","0.2","2","argument_quality/model_checkpoints/roberta-base_best-epoch=08-val_r2=0.62.ckpt","","","100","","5","","no","","","","0","","sigmoid","0.8108","0.8108"
"summer-sweep-111","5v59lu8w","finished","-","tommaso-green","","2021-05-06T02:57:29.000Z","1324522","pxf10n30","0.2","2","argument_quality/model_checkpoints/roberta-base_best-epoch=08-val_r2=0.62.ckpt","","","100","","5","","no","","","","0","","normalize","0.8233","0.8233"
"misunderstood-sweep-110","5twrb60f","finished","-","tommaso-green","","2021-05-06T02:55:39.000Z","1324587","pxf10n30","0.2","2","argument_quality/model_checkpoints/distilbert-base-uncased_best-epoch=04-val_r2=0.62.ckpt","","","100","","5","","no","","","","0","","sigmoid","0.8156","0.8156"
"fast-sweep-109","3pbpzte5","finished","-","tommaso-green","","2021-05-06T02:53:49.000Z","1324353","pxf10n30","0.2","2","argument_quality/model_checkpoints/distilbert-base-uncased_best-epoch=04-val_r2=0.62.ckpt","","","100","","5","","no","","","","0","","normalize","0.8234","0.8234"
"woven-sweep-108","8pceac1d","finished","-","tommaso-green","","2021-05-06T02:50:29.000Z","1325380","pxf10n30","0.2","2","argument_quality/model_checkpoints/albert-base-v2_best-epoch=04-val_r2=0.60.ckpt","","","100","","5","","no","","","","0","","sigmoid","0.8229","0.8229"
"comfy-sweep-107","22pfbpyl","finished","-","tommaso-green","","2021-05-06T02:47:16.000Z","1324447","pxf10n30","0.2","2","argument_quality/model_checkpoints/albert-base-v2_best-epoch=04-val_r2=0.60.ckpt","","","100","","5","","no","","","","0","","normalize","0.8174","0.8174"
"fallen-sweep-106","u7qhy4ps","finished","-","tommaso-green","","2021-05-06T02:44:17.000Z","175","pxf10n30","0.2","2","argument_quality/model_checkpoints/bert-base-uncased_best-epoch=07-val_r2=0.60.ckpt","","","100","","5","","no","","","","0","","sigmoid","0.8269",""
"laced-sweep-105","rjw2r3r7","finished","-","tommaso-green","","2021-05-06T02:41:12.000Z","179","pxf10n30","0.2","2","argument_quality/model_checkpoints/bert-base-uncased_best-epoch=07-val_r2=0.60.ckpt","","","100","","5","","no","","","","0","","normalize","0.8246",""
"frosty-sweep-104","bkx3b7es","finished","-","tommaso-green","","2021-05-06T02:37:58.000Z","189","pxf10n30","0.2","1.5","argument_quality/model_checkpoints/roberta-base_best-epoch=08-val_r2=0.62.ckpt","","","100","","5","","no","","","","0","","sigmoid","0.8109",""
"glorious-sweep-103","s6t1b0q7","finished","-","tommaso-green","","2021-05-06T02:34:54.000Z","179","pxf10n30","0.2","1.5","argument_quality/model_checkpoints/roberta-base_best-epoch=08-val_r2=0.62.ckpt","","","100","","5","","no","","","","0","","normalize","0.8233",""
"fallen-sweep-102","rk84r8ky","finished","-","tommaso-green","","2021-05-06T02:33:04.000Z","105","pxf10n30","0.2","1.5","argument_quality/model_checkpoints/distilbert-base-uncased_best-epoch=04-val_r2=0.62.ckpt","","","100","","5","","no","","","","0","","sigmoid","0.8151",""
"earthy-sweep-101","izyklj72","finished","-","tommaso-green","","2021-05-06T02:31:19.000Z","103","pxf10n30","0.2","1.5","argument_quality/model_checkpoints/distilbert-base-uncased_best-epoch=04-val_r2=0.62.ckpt","","","100","","5","","no","","","","0","","normalize","0.8234",""
"fiery-sweep-100","j07imnfs","finished","-","tommaso-green","","2021-05-06T02:28:05.000Z","188","pxf10n30","0.2","1.5","argument_quality/model_checkpoints/albert-base-v2_best-epoch=04-val_r2=0.60.ckpt","","","100","","5","","no","","","","0","","sigmoid","0.8243",""
"major-sweep-99","h5wyo7g8","finished","-","tommaso-green","","2021-05-06T02:24:52.000Z","190","pxf10n30","0.2","1.5","argument_quality/model_checkpoints/albert-base-v2_best-epoch=04-val_r2=0.60.ckpt","","","100","","5","","no","","","","0","","normalize","0.8174",""
"winter-sweep-98","8yb8hj6b","finished","-","tommaso-green","","2021-05-06T02:21:48.000Z","182","pxf10n30","0.2","1.5","argument_quality/model_checkpoints/bert-base-uncased_best-epoch=07-val_r2=0.60.ckpt","","","100","","5","","no","","","","0","","sigmoid","0.8273",""
"decent-sweep-97","qwek4bcs","finished","-","tommaso-green","","2021-05-06T02:18:50.000Z","176","pxf10n30","0.2","1.5","argument_quality/model_checkpoints/bert-base-uncased_best-epoch=07-val_r2=0.60.ckpt","","","100","","5","","no","","","","0","","normalize","0.8246",""
"eternal-sweep-96","enkpbg29","finished","-","tommaso-green","","2021-05-06T02:15:47.000Z","181","pxf10n30","0.2","1.1","argument_quality/model_checkpoints/roberta-base_best-epoch=08-val_r2=0.62.ckpt","","","100","","5","","no","","","","0","","sigmoid","0.8103",""
"silvery-sweep-95","btics58t","finished","-","tommaso-green","","2021-05-06T02:12:43.000Z","181","pxf10n30","0.2","1.1","argument_quality/model_checkpoints/roberta-base_best-epoch=08-val_r2=0.62.ckpt","","","100","","5","","no","","","","0","","normalize","0.8233",""
"comic-sweep-94","t9slqr9m","finished","-","tommaso-green","","2021-05-06T02:10:53.000Z","104","pxf10n30","0.2","1.1","argument_quality/model_checkpoints/distilbert-base-uncased_best-epoch=04-val_r2=0.62.ckpt","","","100","","5","","no","","","","0","","sigmoid","0.8154",""
"ancient-sweep-93","lzdcdlrz","finished","-","tommaso-green","","2021-05-06T02:09:03.000Z","103","pxf10n30","0.2","1.1","argument_quality/model_checkpoints/distilbert-base-uncased_best-epoch=04-val_r2=0.62.ckpt","","","100","","5","","no","","","","0","","normalize","0.8234",""
"fresh-sweep-92","98awl2vw","finished","-","tommaso-green","","2021-05-06T02:05:49.000Z","188","pxf10n30","0.2","1.1","argument_quality/model_checkpoints/albert-base-v2_best-epoch=04-val_r2=0.60.ckpt","","","100","","5","","no","","","","0","","sigmoid","0.8231",""
"serene-sweep-91","06fsti49","finished","-","tommaso-green","","2021-05-06T02:02:28.000Z","1326911","pxf10n30","0.2","1.1","argument_quality/model_checkpoints/albert-base-v2_best-epoch=04-val_r2=0.60.ckpt","","","100","","5","","no","","","","0","","normalize","0.8174","0.8174"
"blooming-sweep-90","5ufxau8t","finished","-","tommaso-green","","2021-05-06T01:58:41.000Z","1328035","pxf10n30","0.2","1.1","argument_quality/model_checkpoints/bert-base-uncased_best-epoch=07-val_r2=0.60.ckpt","","","100","","5","","no","","","","0","","sigmoid","0.8269","0.8269"
"glad-sweep-89","5h9rnwnd","finished","-","tommaso-green","","2021-05-06T01:55:22.000Z","1328142","pxf10n30","0.2","1.1","argument_quality/model_checkpoints/bert-base-uncased_best-epoch=07-val_r2=0.60.ckpt","","","100","","5","","no","","","","0","","normalize","0.8246","0.8246"
"sweet-sweep-88","7rpnqxoi","finished","-","tommaso-green","","2021-05-06T01:52:13.000Z","1328714","pxf10n30","0.2","0.8","argument_quality/model_checkpoints/roberta-base_best-epoch=08-val_r2=0.62.ckpt","","","100","","5","","no","","","","0","","sigmoid","0.8108","0.8108"
"rich-sweep-87","y6jpze56","finished","-","tommaso-green","","2021-05-06T01:49:04.000Z","182","pxf10n30","0.2","0.8","argument_quality/model_checkpoints/roberta-base_best-epoch=08-val_r2=0.62.ckpt","","","100","","5","","no","","","","0","","normalize","0.8233",""
"dulcet-sweep-86","67n6pdwg","finished","-","tommaso-green","","2021-05-06T01:47:14.000Z","1328835","pxf10n30","0.2","0.8","argument_quality/model_checkpoints/distilbert-base-uncased_best-epoch=04-val_r2=0.62.ckpt","","","100","","5","","no","","","","0","","sigmoid","0.8143","0.8143"
"visionary-sweep-85","xsi7baqe","finished","-","tommaso-green","","2021-05-06T01:45:24.000Z","106","pxf10n30","0.2","0.8","argument_quality/model_checkpoints/distilbert-base-uncased_best-epoch=04-val_r2=0.62.ckpt","","","100","","5","","no","","","","0","","normalize","0.8234",""
"clear-sweep-84","flqc35a9","finished","-","tommaso-green","","2021-05-06T01:42:05.000Z","194","pxf10n30","0.2","0.8","argument_quality/model_checkpoints/albert-base-v2_best-epoch=04-val_r2=0.60.ckpt","","","100","","5","","no","","","","0","","sigmoid","0.8231",""
"elated-sweep-83","i0ih34cj","finished","-","tommaso-green","","2021-05-06T01:38:51.000Z","190","pxf10n30","0.2","0.8","argument_quality/model_checkpoints/albert-base-v2_best-epoch=04-val_r2=0.60.ckpt","","","100","","5","","no","","","","0","","normalize","0.8174",""
"good-sweep-82","gau6qnv4","finished","-","tommaso-green","","2021-05-06T01:35:53.000Z","176","pxf10n30","0.2","0.8","argument_quality/model_checkpoints/bert-base-uncased_best-epoch=07-val_r2=0.60.ckpt","","","100","","5","","no","","","","0","","sigmoid","0.8273",""
"solar-sweep-81","3hiw91sn","finished","-","tommaso-green","","2021-05-06T01:32:51.000Z","1329155","pxf10n30","0.2","0.8","argument_quality/model_checkpoints/bert-base-uncased_best-epoch=07-val_r2=0.60.ckpt","","","100","","5","","no","","","","0","","normalize","0.8246","0.8246"
"clear-sweep-80","fd08w4t0","finished","-","tommaso-green","","2021-05-06T01:29:48.000Z","179","pxf10n30","0.2","0.3","argument_quality/model_checkpoints/roberta-base_best-epoch=08-val_r2=0.62.ckpt","","","100","","5","","no","","","","0","","sigmoid","0.8225",""
"generous-sweep-79","ahx974gi","finished","-","tommaso-green","","2021-05-06T01:26:44.000Z","180","pxf10n30","0.2","0.3","argument_quality/model_checkpoints/roberta-base_best-epoch=08-val_r2=0.62.ckpt","","","100","","5","","no","","","","0","","normalize","0.8233",""
"clear-sweep-78","plym670d","finished","-","tommaso-green","","2021-05-06T01:24:55.000Z","106","pxf10n30","0.2","0.3","argument_quality/model_checkpoints/distilbert-base-uncased_best-epoch=04-val_r2=0.62.ckpt","","","100","","5","","no","","","","0","","sigmoid","0.8215",""
"crimson-sweep-77","cw2totd9","finished","-","tommaso-green","","2021-05-06T01:23:05.000Z","106","pxf10n30","0.2","0.3","argument_quality/model_checkpoints/distilbert-base-uncased_best-epoch=04-val_r2=0.62.ckpt","","","100","","5","","no","","","","0","","normalize","0.8234",""
"misunderstood-sweep-76","96xmdsk4","finished","-","tommaso-green","","2021-05-06T01:19:50.000Z","193","pxf10n30","0.2","0.3","argument_quality/model_checkpoints/albert-base-v2_best-epoch=04-val_r2=0.60.ckpt","","","100","","5","","no","","","","0","","sigmoid","0.8153",""
"polar-sweep-75","5v5snu3h","finished","-","tommaso-green","","2021-05-06T01:16:36.000Z","1330591","pxf10n30","0.2","0.3","argument_quality/model_checkpoints/albert-base-v2_best-epoch=04-val_r2=0.60.ckpt","","","100","","5","","no","","","","0","","normalize","0.8174","0.8174"
"proud-sweep-74","syy4pc6o","finished","-","tommaso-green","","2021-05-06T01:13:38.000Z","176","pxf10n30","0.2","0.3","argument_quality/model_checkpoints/bert-base-uncased_best-epoch=07-val_r2=0.60.ckpt","","","100","","5","","no","","","","0","","sigmoid","0.824",""
"chocolate-sweep-73","si0j6ioe","finished","-","tommaso-green","","2021-05-06T01:10:30.000Z","183","pxf10n30","0.2","0.3","argument_quality/model_checkpoints/bert-base-uncased_best-epoch=07-val_r2=0.60.ckpt","","","100","","5","","no","","","","0","","normalize","0.8246",""
"summer-sweep-72","kf0q8pug","finished","-","tommaso-green","","2021-05-06T01:07:26.000Z","181","pxf10n30","0.2","0.2","argument_quality/model_checkpoints/roberta-base_best-epoch=08-val_r2=0.62.ckpt","","","100","","5","","no","","","","0","","sigmoid","0.8214",""
"deep-sweep-71","0o9ijts5","finished","-","tommaso-green","","2021-05-06T01:04:23.000Z","1330434","pxf10n30","0.2","0.2","argument_quality/model_checkpoints/roberta-base_best-epoch=08-val_r2=0.62.ckpt","","","100","","5","","no","","","","0","","normalize","0.8233","0.8233"
"northern-sweep-70","s4zlth1j","finished","-","tommaso-green","","2021-05-06T01:02:33.000Z","107","pxf10n30","0.2","0.2","argument_quality/model_checkpoints/distilbert-base-uncased_best-epoch=04-val_r2=0.62.ckpt","","","100","","5","","no","","","","0","","sigmoid","0.8197",""
"apricot-sweep-69","2m5ekymi","finished","-","tommaso-green","","2021-05-06T01:00:43.000Z","1330885","pxf10n30","0.2","0.2","argument_quality/model_checkpoints/distilbert-base-uncased_best-epoch=04-val_r2=0.62.ckpt","","","100","","5","","no","","","","0","","normalize","0.8234","0.8234"
"denim-sweep-68","d8e1lyi6","finished","-","tommaso-green","","2021-05-06T00:57:29.000Z","191","pxf10n30","0.2","0.2","argument_quality/model_checkpoints/albert-base-v2_best-epoch=04-val_r2=0.60.ckpt","","","100","","5","","no","","","","0","","sigmoid","0.8181",""
"dutiful-sweep-67","b59muozt","finished","-","tommaso-green","","2021-05-06T00:54:15.000Z","189","pxf10n30","0.2","0.2","argument_quality/model_checkpoints/albert-base-v2_best-epoch=04-val_r2=0.60.ckpt","","","100","","5","","no","","","","0","","normalize","0.8174",""
"ethereal-sweep-66","3wo5s7lg","finished","-","tommaso-green","","2021-05-06T00:51:12.000Z","1331740","pxf10n30","0.2","0.2","argument_quality/model_checkpoints/bert-base-uncased_best-epoch=07-val_r2=0.60.ckpt","","","100","","5","","no","","","","0","","sigmoid","0.8216","0.8216"
"hearty-sweep-65","xsfiiu5y","finished","-","tommaso-green","","2021-05-06T00:48:09.000Z","177","pxf10n30","0.2","0.2","argument_quality/model_checkpoints/bert-base-uncased_best-epoch=07-val_r2=0.60.ckpt","","","100","","5","","no","","","","0","","normalize","0.8246",""
"glowing-sweep-64","4ipt6esf","finished","-","tommaso-green","","2021-05-06T00:45:06.000Z","1332179","pxf10n30","0.2","0.1","argument_quality/model_checkpoints/roberta-base_best-epoch=08-val_r2=0.62.ckpt","","","100","","5","","no","","","","0","","sigmoid","0.8218","0.8218"
"distinctive-sweep-63","aptd0itt","finished","-","tommaso-green","","2021-05-06T00:41:56.000Z","183","pxf10n30","0.2","0.1","argument_quality/model_checkpoints/roberta-base_best-epoch=08-val_r2=0.62.ckpt","","","100","","5","","no","","","","0","","normalize","0.8233",""
"eager-sweep-62","r9fqaaro","finished","-","tommaso-green","","2021-05-06T00:40:06.000Z","104","pxf10n30","0.2","0.1","argument_quality/model_checkpoints/distilbert-base-uncased_best-epoch=04-val_r2=0.62.ckpt","","","100","","5","","no","","","","0","","sigmoid","0.8227",""
"fearless-sweep-61","d6lai4y2","finished","-","tommaso-green","","2021-05-06T00:38:16.000Z","104","pxf10n30","0.2","0.1","argument_quality/model_checkpoints/distilbert-base-uncased_best-epoch=04-val_r2=0.62.ckpt","","","100","","5","","no","","","","0","","normalize","0.8234",""
"ethereal-sweep-60","uopi9wv5","finished","-","tommaso-green","","2021-05-06T00:35:03.000Z","188","pxf10n30","0.2","0.1","argument_quality/model_checkpoints/albert-base-v2_best-epoch=04-val_r2=0.60.ckpt","","","100","","5","","no","","","","0","","sigmoid","0.8181",""
"soft-sweep-59","z1kjd3j6","finished","-","tommaso-green","","2021-05-06T00:31:44.000Z","192","pxf10n30","0.2","0.1","argument_quality/model_checkpoints/albert-base-v2_best-epoch=04-val_r2=0.60.ckpt","","","100","","5","","no","","","","0","","normalize","0.8174",""
"sparkling-sweep-58","38mp8q8w","finished","-","tommaso-green","","2021-05-06T00:28:46.000Z","1332956","pxf10n30","0.2","0.1","argument_quality/model_checkpoints/bert-base-uncased_best-epoch=07-val_r2=0.60.ckpt","","","100","","5","","no","","","","0","","sigmoid","0.8195","0.8195"
"silver-sweep-57","k5gnbuf3","finished","-","tommaso-green","","2021-05-06T00:25:42.000Z","178","pxf10n30","0.2","0.1","argument_quality/model_checkpoints/bert-base-uncased_best-epoch=07-val_r2=0.60.ckpt","","","100","","5","","no","","","","0","","normalize","0.8246",""
"zesty-sweep-56","teay5m9x","finished","-","tommaso-green","","2021-05-06T00:22:34.000Z","183","pxf10n30","0.1","2","argument_quality/model_checkpoints/roberta-base_best-epoch=08-val_r2=0.62.ckpt","","","100","","5","","no","","","","0","","sigmoid","0.816",""
"zesty-sweep-55","q5n3l9m7","finished","-","tommaso-green","","2021-05-06T00:19:30.000Z","180","pxf10n30","0.1","2","argument_quality/model_checkpoints/roberta-base_best-epoch=08-val_r2=0.62.ckpt","","","100","","5","","no","","","","0","","normalize","0.8199",""
"solar-sweep-54","2zt8waxs","finished","-","tommaso-green","","2021-05-06T00:17:46.000Z","1333552","pxf10n30","0.1","2","argument_quality/model_checkpoints/distilbert-base-uncased_best-epoch=04-val_r2=0.62.ckpt","","","100","","5","","no","","","","0","","sigmoid","0.8151","0.8151"
"stilted-sweep-53","jq5kljem","finished","-","tommaso-green","","2021-05-06T00:15:56.000Z","105","pxf10n30","0.1","2","argument_quality/model_checkpoints/distilbert-base-uncased_best-epoch=04-val_r2=0.62.ckpt","","","100","","5","","no","","","","0","","normalize","0.8188",""
"ruby-sweep-52","4xz2k75s","finished","-","tommaso-green","","2021-05-06T00:12:37.000Z","1334203","pxf10n30","0.1","2","argument_quality/model_checkpoints/albert-base-v2_best-epoch=04-val_r2=0.60.ckpt","","","100","","5","","no","","","","0","","sigmoid","0.8231","0.8231"
"fancy-sweep-51","hmm146bg","finished","-","tommaso-green","","2021-05-06T00:09:23.000Z","190","pxf10n30","0.1","2","argument_quality/model_checkpoints/albert-base-v2_best-epoch=04-val_r2=0.60.ckpt","","","100","","5","","no","","","","0","","normalize","0.8176",""
"chocolate-sweep-50","8or6byrg","finished","Best /w sigmoid","tommaso-green","tira_submission","2021-05-06T00:06:25.000Z","1335208","pxf10n30","0.1","2","argument_quality/model_checkpoints/bert-base-uncased_best-epoch=07-val_r2=0.60.ckpt","","","100","","5","","no","","","","0","","sigmoid","0.8273","0.8273"
"helpful-sweep-49","ky5iuzx5","finished","-","tommaso-green","","2021-05-06T00:03:27.000Z","176","pxf10n30","0.1","2","argument_quality/model_checkpoints/bert-base-uncased_best-epoch=07-val_r2=0.60.ckpt","","","100","","5","","no","","","","0","","normalize","0.8261",""
"ruby-sweep-48","kul4w64b","finished","-","tommaso-green","","2021-05-06T00:00:18.000Z","183","pxf10n30","0.1","1.5","argument_quality/model_checkpoints/roberta-base_best-epoch=08-val_r2=0.62.ckpt","","","100","","5","","no","","","","0","","sigmoid","0.8118",""
"warm-sweep-47","ut3nbga5","finished","-","tommaso-green","","2021-05-05T23:57:15.000Z","178","pxf10n30","0.1","1.5","argument_quality/model_checkpoints/roberta-base_best-epoch=08-val_r2=0.62.ckpt","","","100","","5","","no","","","","0","","normalize","0.8199",""
"fresh-sweep-46","h0ofuyju","finished","-","tommaso-green","","2021-05-05T23:55:24.000Z","104","pxf10n30","0.1","1.5","argument_quality/model_checkpoints/distilbert-base-uncased_best-epoch=04-val_r2=0.62.ckpt","","","100","","5","","no","","","","0","","sigmoid","0.8143",""
"elated-sweep-45","o93u5a1u","finished","-","tommaso-green","","2021-05-05T23:53:34.000Z","105","pxf10n30","0.1","1.5","argument_quality/model_checkpoints/distilbert-base-uncased_best-epoch=04-val_r2=0.62.ckpt","","","100","","5","","no","","","","0","","normalize","0.8188",""
"glorious-sweep-44","ylfgay1y","finished","-","tommaso-green","","2021-05-05T23:50:15.000Z","194","pxf10n30","0.1","1.5","argument_quality/model_checkpoints/albert-base-v2_best-epoch=04-val_r2=0.60.ckpt","","","100","","5","","no","","","","0","","sigmoid","0.8215",""
"rose-sweep-43","dgca1l9e","finished","-","tommaso-green","","2021-05-05T23:47:02.000Z","189","pxf10n30","0.1","1.5","argument_quality/model_checkpoints/albert-base-v2_best-epoch=04-val_r2=0.60.ckpt","","","100","","5","","no","","","","0","","normalize","0.8176",""
"golden-sweep-42","x36fv7pq","finished","-","tommaso-green","","2021-05-05T23:43:59.000Z","177","pxf10n30","0.1","1.5","argument_quality/model_checkpoints/bert-base-uncased_best-epoch=07-val_r2=0.60.ckpt","","","100","","5","","no","","","","0","","sigmoid","0.8264",""
"treasured-sweep-41","9heh7nig","finished","-","tommaso-green","","2021-05-05T23:40:50.000Z","182","pxf10n30","0.1","1.5","argument_quality/model_checkpoints/bert-base-uncased_best-epoch=07-val_r2=0.60.ckpt","","","100","","5","","no","","","","0","","normalize","0.8261",""
"magic-sweep-40","ua1fe7jg","finished","-","tommaso-green","","2021-05-05T23:37:47.000Z","180","pxf10n30","0.1","1.1","argument_quality/model_checkpoints/roberta-base_best-epoch=08-val_r2=0.62.ckpt","","","100","","5","","no","","","","0","","sigmoid","0.8104",""
"magic-sweep-39","g6amied7","finished","-","tommaso-green","","2021-05-05T23:34:43.000Z","178","pxf10n30","0.1","1.1","argument_quality/model_checkpoints/roberta-base_best-epoch=08-val_r2=0.62.ckpt","","","100","","5","","no","","","","0","","normalize","0.8199",""
"devoted-sweep-38","e4m55ilf","finished","-","tommaso-green","","2021-05-05T23:32:53.000Z","107","pxf10n30","0.1","1.1","argument_quality/model_checkpoints/distilbert-base-uncased_best-epoch=04-val_r2=0.62.ckpt","","","100","","5","","no","","","","0","","sigmoid","0.8153",""
"faithful-sweep-37","bayiw7hj","finished","-","tommaso-green","","2021-05-05T23:31:03.000Z","105","pxf10n30","0.1","1.1","argument_quality/model_checkpoints/distilbert-base-uncased_best-epoch=04-val_r2=0.62.ckpt","","","100","","5","","no","","","","0","","normalize","0.8188",""
"denim-sweep-36","nd1zzu10","finished","-","tommaso-green","","2021-05-05T23:27:50.000Z","188","pxf10n30","0.1","1.1","argument_quality/model_checkpoints/albert-base-v2_best-epoch=04-val_r2=0.60.ckpt","","","100","","5","","no","","","","0","","sigmoid","0.8228",""
"iconic-sweep-35","deljhocn","finished","-","tommaso-green","","2021-05-05T23:24:35.000Z","190","pxf10n30","0.1","1.1","argument_quality/model_checkpoints/albert-base-v2_best-epoch=04-val_r2=0.60.ckpt","","","100","","5","","no","","","","0","","normalize","0.8176",""
"floral-sweep-34","d82kudrr","finished","-","tommaso-green","","2021-05-05T23:21:31.000Z","181","pxf10n30","0.1","1.1","argument_quality/model_checkpoints/bert-base-uncased_best-epoch=07-val_r2=0.60.ckpt","","","100","","5","","no","","","","0","","sigmoid","0.8269",""
"stellar-sweep-33","tw1b509p","finished","-","tommaso-green","","2021-05-05T23:18:33.000Z","175","pxf10n30","0.1","1.1","argument_quality/model_checkpoints/bert-base-uncased_best-epoch=07-val_r2=0.60.ckpt","","","100","","5","","no","","","","0","","normalize","0.8261",""
"dazzling-sweep-32","wumj86vh","finished","-","tommaso-green","","2021-05-05T23:15:30.000Z","180","pxf10n30","0.1","0.8","argument_quality/model_checkpoints/roberta-base_best-epoch=08-val_r2=0.62.ckpt","","","100","","5","","no","","","","0","","sigmoid","0.8181",""
"serene-sweep-31","z9urjabs","finished","-","tommaso-green","","2021-05-05T23:12:21.000Z","182","pxf10n30","0.1","0.8","argument_quality/model_checkpoints/roberta-base_best-epoch=08-val_r2=0.62.ckpt","","","100","","5","","no","","","","0","","normalize","0.8199",""
"visionary-sweep-30","6t5pcuh8","finished","-","tommaso-green","","2021-05-05T23:10:31.000Z","1338300","pxf10n30","0.1","0.8","argument_quality/model_checkpoints/distilbert-base-uncased_best-epoch=04-val_r2=0.62.ckpt","","","100","","5","","no","","","","0","","sigmoid","0.8153","0.8153"
"icy-sweep-29","l1k0aqab","finished","-","tommaso-green","","2021-05-05T23:08:41.000Z","104","pxf10n30","0.1","0.8","argument_quality/model_checkpoints/distilbert-base-uncased_best-epoch=04-val_r2=0.62.ckpt","","","100","","5","","no","","","","0","","normalize","0.8188",""
"fallen-sweep-28","klawxjpr","finished","-","tommaso-green","","2021-05-05T23:05:22.000Z","193","pxf10n30","0.1","0.8","argument_quality/model_checkpoints/albert-base-v2_best-epoch=04-val_r2=0.60.ckpt","","","100","","5","","no","","","","0","","sigmoid","0.8215",""
"wise-sweep-27","e2m4s5im","finished","-","tommaso-green","","2021-05-05T23:02:09.000Z","191","pxf10n30","0.1","0.8","argument_quality/model_checkpoints/albert-base-v2_best-epoch=04-val_r2=0.60.ckpt","","","100","","5","","no","","","","0","","normalize","0.8176",""
"soft-sweep-26","qitsg7wv","finished","-","tommaso-green","","2021-05-05T22:59:10.000Z","175","pxf10n30","0.1","0.8","argument_quality/model_checkpoints/bert-base-uncased_best-epoch=07-val_r2=0.60.ckpt","","","100","","5","","no","","","","0","","sigmoid","0.827",""
"pleasant-sweep-25","ba7idf0v","finished","-","tommaso-green","","2021-05-05T22:56:07.000Z","178","pxf10n30","0.1","0.8","argument_quality/model_checkpoints/bert-base-uncased_best-epoch=07-val_r2=0.60.ckpt","","","100","","5","","no","","","","0","","normalize","0.8261",""
"driven-sweep-24","xh50s1mn","finished","-","tommaso-green","","2021-05-05T22:53:02.000Z","182","pxf10n30","0.1","0.3","argument_quality/model_checkpoints/roberta-base_best-epoch=08-val_r2=0.62.ckpt","","","100","","5","","no","","","","0","","sigmoid","0.8217",""
"crimson-sweep-23","5u6s1f6y","finished","-","tommaso-green","","2021-05-05T22:50:04.000Z","1339337","pxf10n30","0.1","0.3","argument_quality/model_checkpoints/roberta-base_best-epoch=08-val_r2=0.62.ckpt","","","100","","5","","no","","","","0","","normalize","0.8199","0.8199"
"sweepy-sweep-22","d1wfsrd6","finished","-","tommaso-green","","2021-05-05T22:47:58.000Z","102","pxf10n30","0.1","0.3","argument_quality/model_checkpoints/distilbert-base-uncased_best-epoch=04-val_r2=0.62.ckpt","","","100","","5","","no","","","","0","","sigmoid","0.8204",""
"sunny-sweep-21","b0h0sncj","finished","-","tommaso-green","","2021-05-05T22:46:06.000Z","106","pxf10n30","0.1","0.3","argument_quality/model_checkpoints/distilbert-base-uncased_best-epoch=04-val_r2=0.62.ckpt","","","100","","5","","no","","","","0","","normalize","0.8188",""
"icy-sweep-20","j9nahl8b","finished","-","tommaso-green","","2021-05-05T22:42:52.000Z","192","pxf10n30","0.1","0.3","argument_quality/model_checkpoints/albert-base-v2_best-epoch=04-val_r2=0.60.ckpt","","","100","","5","","no","","","","0","","sigmoid","0.8169",""
"gentle-sweep-19","xzlpuepm","finished","-","tommaso-green","","2021-05-05T22:39:33.000Z","193","pxf10n30","0.1","0.3","argument_quality/model_checkpoints/albert-base-v2_best-epoch=04-val_r2=0.60.ckpt","","","100","","5","","no","","","","0","","normalize","0.8176",""
"sweepy-sweep-18","zz2bilhi","finished","-","tommaso-green","","2021-05-05T22:36:30.000Z","178","pxf10n30","0.1","0.3","argument_quality/model_checkpoints/bert-base-uncased_best-epoch=07-val_r2=0.60.ckpt","","","100","","5","","no","","","","0","","sigmoid","0.8217",""
"toasty-sweep-17","mkx6l56p","finished","-","tommaso-green","","2021-05-05T22:33:25.000Z","180","pxf10n30","0.1","0.3","argument_quality/model_checkpoints/bert-base-uncased_best-epoch=07-val_r2=0.60.ckpt","","","100","","5","","no","","","","0","","normalize","0.8261",""
"dutiful-sweep-16","zku644yt","finished","-","tommaso-green","","2021-05-05T22:30:17.000Z","185","pxf10n30","0.1","0.2","argument_quality/model_checkpoints/roberta-base_best-epoch=08-val_r2=0.62.ckpt","","","100","","5","","no","","","","0","","sigmoid","0.8202",""
"copper-sweep-15","601urfjz","finished","-","tommaso-green","","2021-05-05T22:26:47.000Z","1340832","pxf10n30","0.1","0.2","argument_quality/model_checkpoints/roberta-base_best-epoch=08-val_r2=0.62.ckpt","","","100","","5","","no","","","","0","","normalize","0.8199","0.8199"
"grateful-sweep-14","220zuyd1","finished","-","tommaso-green","","2021-05-05T22:24:47.000Z","1340181","pxf10n30","0.1","0.2","argument_quality/model_checkpoints/distilbert-base-uncased_best-epoch=04-val_r2=0.62.ckpt","","","100","","5","","no","","","","0","","sigmoid","0.8211","0.8211"
"celestial-sweep-13","oyi30ncs","finished","-","tommaso-green","","2021-05-05T22:22:40.000Z","120","pxf10n30","0.1","0.2","argument_quality/model_checkpoints/distilbert-base-uncased_best-epoch=04-val_r2=0.62.ckpt","","","100","","5","","no","","","","0","","normalize","0.8188",""
"icy-sweep-12","o460l7tk","finished","-","tommaso-green","","2021-05-05T22:19:20.000Z","192","pxf10n30","0.1","0.2","argument_quality/model_checkpoints/albert-base-v2_best-epoch=04-val_r2=0.60.ckpt","","","100","","5","","no","","","","0","","sigmoid","0.8186",""
"dark-sweep-11","0wnka2ih","finished","-","tommaso-green","","2021-05-05T22:15:45.000Z","1340616","pxf10n30","0.1","0.2","argument_quality/model_checkpoints/albert-base-v2_best-epoch=04-val_r2=0.60.ckpt","","","100","","5","","no","","","","0","","normalize","0.8176","0.8176"
"lyric-sweep-10","y4ttphu6","finished","-","tommaso-green","","2021-05-05T22:12:15.000Z","204","pxf10n30","0.1","0.2","argument_quality/model_checkpoints/bert-base-uncased_best-epoch=07-val_r2=0.60.ckpt","","","100","","5","","no","","","","0","","sigmoid","0.8222",""
"sage-sweep-9","2wdi8ifv","finished","-","tommaso-green","","2021-05-05T22:08:56.000Z","1341253","pxf10n30","0.1","0.2","argument_quality/model_checkpoints/bert-base-uncased_best-epoch=07-val_r2=0.60.ckpt","","","100","","5","","no","","","","0","","normalize","0.8261","0.8261"
"super-sweep-8","wp0at322","finished","-","tommaso-green","","2021-05-05T22:05:24.000Z","201","pxf10n30","0.1","0.1","argument_quality/model_checkpoints/roberta-base_best-epoch=08-val_r2=0.62.ckpt","","","100","","5","","no","","","","0","","sigmoid","0.8234",""
"unique-sweep-7","urfh5w53","finished","-","tommaso-green","","2021-05-05T22:01:54.000Z","208","pxf10n30","0.1","0.1","argument_quality/model_checkpoints/roberta-base_best-epoch=08-val_r2=0.62.ckpt","","","100","","5","","no","","","","0","","normalize","0.8199",""
"solar-sweep-6","nibpg3dh","finished","-","tommaso-green","","2021-05-05T21:59:59.000Z","113","pxf10n30","0.1","0.1","argument_quality/model_checkpoints/distilbert-base-uncased_best-epoch=04-val_r2=0.62.ckpt","","","100","","5","","no","","","","0","","sigmoid","0.8226",""
"quiet-sweep-5","ydfbt70i","finished","-","tommaso-green","","2021-05-05T21:58:03.000Z","110","pxf10n30","0.1","0.1","argument_quality/model_checkpoints/distilbert-base-uncased_best-epoch=04-val_r2=0.62.ckpt","","","100","","5","","no","","","","0","","normalize","0.8188",""
"charmed-sweep-4","xojwnw4k","finished","-","tommaso-green","","2021-05-05T21:54:28.000Z","212","pxf10n30","0.1","0.1","argument_quality/model_checkpoints/albert-base-v2_best-epoch=04-val_r2=0.60.ckpt","","","100","","5","","no","","","","0","","sigmoid","0.8198",""
"drawn-sweep-3","afwwp759","finished","-","tommaso-green","","2021-05-05T21:50:42.000Z","223","pxf10n30","0.1","0.1","argument_quality/model_checkpoints/albert-base-v2_best-epoch=04-val_r2=0.60.ckpt","","","100","","5","","no","","","","0","","normalize","0.8176",""
"amber-sweep-2","ji8qza4r","finished","-","tommaso-green","","2021-05-05T21:47:07.000Z","210","pxf10n30","0.1","0.1","argument_quality/model_checkpoints/bert-base-uncased_best-epoch=07-val_r2=0.60.ckpt","","","100","","5","","no","","","","0","","sigmoid","0.8223",""
"vivid-sweep-1","3h46ztbg","finished","-","tommaso-green","","2021-05-05T21:42:59.000Z","1342932","pxf10n30","0.1","0.1","argument_quality/model_checkpoints/bert-base-uncased_best-epoch=07-val_r2=0.60.ckpt","","","100","","5","","no","","","","0","","normalize","0.8261","0.8261"
"peach-sweep-96","1akfrmxz","finished","-","albyval97","","2021-05-05T20:08:53.000Z","1348274","ykf9dn7p","0.1","0.3","argument_quality/model_checkpoints/roberta-base_best-epoch=08-val_r2=0.62.ckpt","","","100","","20","","no","","","","0","","hybrid","0.7829","0.7829"
"expert-sweep-95","ah1v5qtp","finished","-","albyval97","","2021-05-05T19:43:51.000Z","1498","ykf9dn7p","0.1","0.3","argument_quality/model_checkpoints/roberta-base_best-epoch=08-val_r2=0.62.ckpt","","","100","","20","","yes","","","","0","","hybrid","0.6521",""
"valiant-sweep-94","606mpr0k","finished","-","lucamoro","","2021-05-05T13:11:36.000Z","1374158","ykf9dn7p","0.1","0.3","argument_quality/model_checkpoints/roberta-base_best-epoch=08-val_r2=0.62.ckpt","","","100","","15","","no","","","","0","","hybrid","0.8227","0.8227"
"icy-sweep-93","3l0nhvhy","finished","-","lucamoro","","2021-05-05T13:03:23.000Z","1374149","ykf9dn7p","0.1","0.3","argument_quality/model_checkpoints/roberta-base_best-epoch=08-val_r2=0.62.ckpt","","","100","","15","","yes","","","","0","","hybrid","0.6801","0.6801"
"prime-sweep-92","tni3usur","finished","-","lucamoro","","2021-05-05T12:59:17.000Z","236","ykf9dn7p","0.1","0.3","argument_quality/model_checkpoints/roberta-base_best-epoch=08-val_r2=0.62.ckpt","","","100","","10","","no","","","","0","","hybrid","0.8227",""
"genial-sweep-91","tsasgeze","finished","-","lucamoro","","2021-05-05T12:53:04.000Z","239","ykf9dn7p","0.1","0.3","argument_quality/model_checkpoints/roberta-base_best-epoch=08-val_r2=0.62.ckpt","","","100","","10","","yes","","","","0","","hybrid","0.6801",""
"polished-sweep-90","5xogw155","finished","-","lucamoro","","2021-05-05T12:50:53.000Z","1375364","ykf9dn7p","0.1","0.3","argument_quality/model_checkpoints/roberta-base_best-epoch=08-val_r2=0.62.ckpt","","","100","","5","","no","","","","0","","hybrid","0.823","0.823"
"deep-sweep-89","8vjx0oj6","finished","-","lucamoro","","2021-05-05T12:48:22.000Z","149","ykf9dn7p","0.1","0.3","argument_quality/model_checkpoints/roberta-base_best-epoch=08-val_r2=0.62.ckpt","","","100","","5","","yes","","","","0","","hybrid","0.683",""
"faithful-sweep-88","pnted51d","finished","-","lucamoro","","2021-05-05T12:44:57.000Z","200","ykf9dn7p","0.1","0.3","argument_quality/model_checkpoints/distilbert-base-uncased_best-epoch=04-val_r2=0.62.ckpt","","","100","","20","","no","","","","0","","hybrid","0.8227",""
"wise-sweep-87","8vbjkabp","finished","-","lucamoro","","2021-05-05T12:41:06.000Z","228","ykf9dn7p","0.1","0.3","argument_quality/model_checkpoints/distilbert-base-uncased_best-epoch=04-val_r2=0.62.ckpt","","","100","","20","","yes","","","","0","","hybrid","0.6857",""
"devout-sweep-86","nsxgzoho","finished","-","lucamoro","","2021-05-05T12:36:18.000Z","152","ykf9dn7p","0.1","0.3","argument_quality/model_checkpoints/distilbert-base-uncased_best-epoch=04-val_r2=0.62.ckpt","","","100","","15","","no","","","","0","","hybrid","0.8227",""
"mild-sweep-85","keyxshs5","finished","-","lucamoro","","2021-05-05T12:26:50.000Z","415","ykf9dn7p","0.1","0.3","argument_quality/model_checkpoints/albert-base-v2_best-epoch=04-val_r2=0.60.ckpt","","","100","","15","","no","","","","0","","hybrid","0.8194",""
"good-sweep-85","0neihitc","finished","Best query exp :)","lucamoro","tira_submission","2021-05-04T09:42:48.000Z","1472116","ykf9dn7p","0.1","0.3","argument_quality/model_checkpoints/distilbert-base-uncased_best-epoch=04-val_r2=0.62.ckpt","","","100","","15","","yes","","","","0","","hybrid","0.6857","0.6857"
"fearless-sweep-84","vgbqn8n9","finished","-","lucamoro","","2021-05-04T09:40:51.000Z","108","ykf9dn7p","0.1","0.3","argument_quality/model_checkpoints/distilbert-base-uncased_best-epoch=04-val_r2=0.62.ckpt","","","100","","10","","no","","","","0","","hybrid","0.8227",""
"stellar-sweep-82","qqcszjv2","finished","-","lucamoro","","2021-05-04T09:39:42.000Z","64","ykf9dn7p","0.1","0.3","argument_quality/model_checkpoints/distilbert-base-uncased_best-epoch=04-val_r2=0.62.ckpt","","","100","","5","","no","","","","0","","hybrid","0.823",""
"atomic-sweep-81","4a8rowd6","finished","-","lucamoro","","2021-05-04T09:35:11.000Z","1473160","ykf9dn7p","0.1","0.3","argument_quality/model_checkpoints/distilbert-base-uncased_best-epoch=04-val_r2=0.62.ckpt","","","100","","5","","yes","","","","0","","hybrid","0.6833","0.6833"
"snowy-sweep-80","4w3mek2g","finished","-","lucamoro","","2021-05-04T09:25:12.000Z","1473834","ykf9dn7p","0.1","0.3","argument_quality/model_checkpoints/albert-base-v2_best-epoch=04-val_r2=0.60.ckpt","","","100","","20","","yes","","","","0","","hybrid","0.6828","0.6828"
"glamorous-sweep-80","7qzw22o8","finished","-","lucamoro","","2021-05-04T09:17:21.000Z","1474771","ykf9dn7p","0.1","0.3","argument_quality/model_checkpoints/albert-base-v2_best-epoch=04-val_r2=0.60.ckpt","","","100","","20","","no","","","","0","","hybrid","0.8194","0.8194"
"trim-sweep-76","cnlv9lwm","finished","-","lucamoro","","2021-05-04T09:13:24.000Z","216","ykf9dn7p","0.1","0.2","argument_quality/model_checkpoints/bert-base-uncased_best-epoch=07-val_r2=0.60.ckpt","","","100","","10","","no","","","","0","","hybrid","0.8227",""
"floral-sweep-74","qpsmhedi","finished","-","lucamoro","","2021-05-04T08:59:59.000Z","127","ykf9dn7p","0.1","0.2","argument_quality/model_checkpoints/bert-base-uncased_best-epoch=07-val_r2=0.60.ckpt","","","100","","5","","no","","","","0","","hybrid","0.683",""
"pious-sweep-73","sl9101ep","finished","-","lucamoro","","2021-05-04T08:43:52.000Z","1232","ykf9dn7p","0.1","0.2","argument_quality/model_checkpoints/bert-base-uncased_best-epoch=07-val_r2=0.60.ckpt","","","100","","5","","yes","","","","0","","hybrid","0.683",""
"stellar-sweep-77","dfqhvoge","finished","-","tommaso-green","","2021-05-03T19:53:22.000Z","741","ykf9dn7p","0.1","0.3","argument_quality/model_checkpoints/albert-base-v2_best-epoch=04-val_r2=0.60.ckpt","","","100","","15","","yes","","","","0","","hybrid","0.6828",""
"serene-sweep-76","xksvfnck","finished","-","lucamoro","","2021-05-03T19:43:35.000Z","233","ykf9dn7p","0.1","0.3","argument_quality/model_checkpoints/albert-base-v2_best-epoch=04-val_r2=0.60.ckpt","","","100","","10","","no","","","","0","","hybrid","0.8194",""
"vital-sweep-75","j5gxymps","finished","-","tommaso-green","","2021-05-03T19:43:34.000Z","585","ykf9dn7p","0.1","0.3","argument_quality/model_checkpoints/albert-base-v2_best-epoch=04-val_r2=0.60.ckpt","","","100","","10","","yes","","","","0","","hybrid","0.6828",""
"chocolate-sweep-74","fm8c11p6","finished","-","tommaso-green","","2021-05-03T19:40:22.000Z","185","ykf9dn7p","0.1","0.3","argument_quality/model_checkpoints/albert-base-v2_best-epoch=04-val_r2=0.60.ckpt","","","100","","5","","no","","","","0","","hybrid","0.8223",""
"resilient-sweep-73","4uzs8zjn","finished","-","lucamoro","","2021-05-03T19:38:56.000Z","1523379","ykf9dn7p","0.1","0.3","argument_quality/model_checkpoints/albert-base-v2_best-epoch=04-val_r2=0.60.ckpt","","","100","","5","","yes","","","","0","","hybrid","0.6831","0.6831"
"spring-sweep-72","x4tbktvw","finished","-","tommaso-green","","2021-05-03T19:30:41.000Z","576","ykf9dn7p","0.1","0.3","argument_quality/model_checkpoints/bert-base-uncased_best-epoch=07-val_r2=0.60.ckpt","","","100","","20","","no","","","","0","","hybrid","0.8197",""
"autumn-sweep-71","c7tlqtpg","finished","-","lucamoro","","2021-05-03T19:30:32.000Z","494","ykf9dn7p","0.1","0.3","argument_quality/model_checkpoints/bert-base-uncased_best-epoch=07-val_r2=0.60.ckpt","","","100","","20","","yes","","","","0","","hybrid","0.6771",""
"morning-sweep-70","sa1b9q1n","finished","-","lucamoro","","2021-05-03T19:26:18.000Z","245","ykf9dn7p","0.1","0.3","argument_quality/model_checkpoints/bert-base-uncased_best-epoch=07-val_r2=0.60.ckpt","","","100","","15","","no","","","","0","","hybrid","0.8197",""
"true-sweep-69","d0ochumr","finished","-","tommaso-green","","2021-05-03T19:19:08.000Z","688","ykf9dn7p","0.1","0.3","argument_quality/model_checkpoints/bert-base-uncased_best-epoch=07-val_r2=0.60.ckpt","","","100","","15","","yes","","","","0","","hybrid","0.6771",""
"warm-sweep-68","eu44yp0y","finished","-","tommaso-green","","2021-05-03T19:13:52.000Z","312","ykf9dn7p","0.1","0.3","argument_quality/model_checkpoints/bert-base-uncased_best-epoch=07-val_r2=0.60.ckpt","","","100","","10","","no","","","","0","","hybrid","0.8197",""
"ethereal-sweep-67","t2w0ijli","finished","-","lucamoro","","2021-05-03T19:13:12.000Z","756","ykf9dn7p","0.1","0.3","argument_quality/model_checkpoints/bert-base-uncased_best-epoch=07-val_r2=0.60.ckpt","","","100","","10","","yes","","","","0","","hybrid","0.6771",""
"scarlet-sweep-66","rifmg0nj","finished","-","lucamoro","","2021-05-03T19:11:36.000Z","90","ykf9dn7p","0.1","0.3","argument_quality/model_checkpoints/bert-base-uncased_best-epoch=07-val_r2=0.60.ckpt","","","100","","5","","no","","","","0","","hybrid","0.8227",""
"grateful-sweep-65","8z19xs0e","finished","-","lucamoro","","2021-05-03T19:07:10.000Z","254","ykf9dn7p","0.1","0.3","argument_quality/model_checkpoints/bert-base-uncased_best-epoch=07-val_r2=0.60.ckpt","","","100","","5","","yes","","","","0","","hybrid","0.6828",""
"classic-sweep-64","wgcl4uic","finished","-","tommaso-green","","2021-05-03T19:04:11.000Z","577","ykf9dn7p","0.1","0.2","argument_quality/model_checkpoints/roberta-base_best-epoch=08-val_r2=0.62.ckpt","","","100","","20","","no","","","","0","","hybrid","0.8227",""
"amber-sweep-63","lpn57ew0","finished","-","lucamoro","","2021-05-03T18:58:45.000Z","499","ykf9dn7p","0.1","0.2","argument_quality/model_checkpoints/roberta-base_best-epoch=08-val_r2=0.62.ckpt","","","100","","20","","yes","","","","0","","hybrid","0.6801",""
"helpful-sweep-62","q2j6b6m2","finished","-","tommaso-green","","2021-05-03T18:56:40.000Z","446","ykf9dn7p","0.1","0.2","argument_quality/model_checkpoints/roberta-base_best-epoch=08-val_r2=0.62.ckpt","","","100","","15","","no","","","","0","","hybrid","0.8227",""
"wobbly-sweep-61","znt5i4tk","finished","-","lucamoro","","2021-05-03T18:51:39.000Z","418","ykf9dn7p","0.1","0.2","argument_quality/model_checkpoints/roberta-base_best-epoch=08-val_r2=0.62.ckpt","","","100","","15","","yes","","","","0","","hybrid","0.6801",""
"unique-sweep-60","56u0eaqm","finished","-","lucamoro","","2021-05-03T18:48:38.000Z","1526487","ykf9dn7p","0.1","0.2","argument_quality/model_checkpoints/roberta-base_best-epoch=08-val_r2=0.62.ckpt","","","100","","10","","no","","","","0","","hybrid","0.8227","0.8227"
"vague-sweep-59","rtbzqpal","finished","-","tommaso-green","","2021-05-03T18:47:10.000Z","567","ykf9dn7p","0.1","0.2","argument_quality/model_checkpoints/roberta-base_best-epoch=08-val_r2=0.62.ckpt","","","100","","10","","yes","","","","0","","hybrid","0.6801",""
"lunar-sweep-58","31qma5kj","finished","Amond the best in hybrid \w RoBERTa.","lucamoro","tira_submission","2021-05-03T18:46:56.000Z","1526218","ykf9dn7p","0.1","0.2","argument_quality/model_checkpoints/roberta-base_best-epoch=08-val_r2=0.62.ckpt","","","100","","5","","no","","","","0","","hybrid","0.823","0.823"
"valiant-sweep-57","zogo5wxo","finished","-","lucamoro","","2021-05-03T18:42:29.000Z","261","ykf9dn7p","0.1","0.2","argument_quality/model_checkpoints/roberta-base_best-epoch=08-val_r2=0.62.ckpt","","","100","","5","","yes","","","","0","","hybrid","0.683",""
"pious-sweep-56","tum0bnmr","finished","-","tommaso-green","","2021-05-03T18:42:05.000Z","299","ykf9dn7p","0.1","0.2","argument_quality/model_checkpoints/distilbert-base-uncased_best-epoch=04-val_r2=0.62.ckpt","","","100","","20","","no","","","","0","","hybrid","0.8225",""
"ethereal-sweep-55","r6sll9vj","finished","-","lucamoro","","2021-05-03T18:36:49.000Z","325","ykf9dn7p","0.1","0.2","argument_quality/model_checkpoints/distilbert-base-uncased_best-epoch=04-val_r2=0.62.ckpt","","","100","","20","","yes","","","","0","","hybrid","0.6802",""
"spring-sweep-54","jdq1c1r7","finished","-","lucamoro","","2021-05-03T18:34:35.000Z","125","ykf9dn7p","0.1","0.2","argument_quality/model_checkpoints/distilbert-base-uncased_best-epoch=04-val_r2=0.62.ckpt","","","100","","15","","no","","","","0","","hybrid","0.8225",""
"copper-sweep-53","8k3upmbf","finished","-","tommaso-green","","2021-05-03T18:33:52.000Z","1527946","ykf9dn7p","0.1","0.2","argument_quality/model_checkpoints/distilbert-base-uncased_best-epoch=04-val_r2=0.62.ckpt","","","100","","15","","yes","","","","0","","hybrid","0.6802","0.6802"
"major-sweep-52","fsa84ndx","finished","-","tommaso-green","","2021-05-03T18:31:04.000Z","166","ykf9dn7p","0.1","0.2","argument_quality/model_checkpoints/distilbert-base-uncased_best-epoch=04-val_r2=0.62.ckpt","","","100","","10","","no","","","","0","","hybrid","0.8225",""
"fast-sweep-51","cpzov6e7","finished","-","lucamoro","","2021-05-03T18:30:07.000Z","256","ykf9dn7p","0.1","0.2","argument_quality/model_checkpoints/distilbert-base-uncased_best-epoch=04-val_r2=0.62.ckpt","","","100","","10","","yes","","","","0","","hybrid","0.6802",""
"woven-sweep-50","9upozrfk","finished","-","tommaso-green","","2021-05-03T18:29:14.000Z","104","ykf9dn7p","0.1","0.2","argument_quality/model_checkpoints/distilbert-base-uncased_best-epoch=04-val_r2=0.62.ckpt","","","100","","5","","no","","","","0","","hybrid","0.8228",""
"driven-sweep-49","efeh04ts","finished","-","lucamoro","","2021-05-03T18:26:22.000Z","215","ykf9dn7p","0.1","0.2","argument_quality/model_checkpoints/distilbert-base-uncased_best-epoch=04-val_r2=0.62.ckpt","","","100","","5","","yes","","","","0","","hybrid","0.6832",""
"generous-sweep-48","12z55qe6","finished","-","tommaso-green","","2021-05-03T18:18:34.000Z","1527662","ykf9dn7p","0.1","0.2","argument_quality/model_checkpoints/albert-base-v2_best-epoch=04-val_r2=0.60.ckpt","","","100","","20","","no","","","","0","","hybrid","0.8197","0.8197"
"worthy-sweep-47","m7ezzzj8","finished","-","lucamoro","","2021-05-03T18:11:16.000Z","897","ykf9dn7p","0.1","0.2","argument_quality/model_checkpoints/albert-base-v2_best-epoch=04-val_r2=0.60.ckpt","","","100","","20","","yes","","","","0","","hybrid","0.6828",""
"devout-sweep-46","4yuj4foz","finished","-","tommaso-green","","2021-05-03T18:10:01.000Z","1528775","ykf9dn7p","0.1","0.2","argument_quality/model_checkpoints/albert-base-v2_best-epoch=04-val_r2=0.60.ckpt","","","100","","15","","no","","","","0","","hybrid","0.8197","0.8197"
"logical-sweep-45","w5fbwhr0","finished","-","lucamoro","","2021-05-03T18:03:38.000Z","450","ykf9dn7p","0.1","0.2","argument_quality/model_checkpoints/albert-base-v2_best-epoch=04-val_r2=0.60.ckpt","","","100","","15","","yes","","","","0","","hybrid","0.6828",""
"sweet-sweep-44","roh3r8mh","finished","-","lucamoro","","2021-05-03T18:00:06.000Z","200","ykf9dn7p","0.1","0.2","argument_quality/model_checkpoints/albert-base-v2_best-epoch=04-val_r2=0.60.ckpt","","","100","","10","","no","","","","0","","hybrid","0.8197",""
"fallen-sweep-43","vgzzk29s","finished","-","tommaso-green","","2021-05-03T18:00:04.000Z","593","ykf9dn7p","0.1","0.2","argument_quality/model_checkpoints/albert-base-v2_best-epoch=04-val_r2=0.60.ckpt","","","100","","10","","yes","","","","0","","hybrid","0.6828",""
"frosty-sweep-42","ome3nwqa","finished","-","tommaso-green","","2021-05-03T17:57:01.000Z","176","ykf9dn7p","0.1","0.2","argument_quality/model_checkpoints/albert-base-v2_best-epoch=04-val_r2=0.60.ckpt","","","100","","5","","no","","","","0","","hybrid","0.8227",""
"charmed-sweep-41","khnc73vp","finished","-","lucamoro","","2021-05-03T17:55:18.000Z","285","ykf9dn7p","0.1","0.2","argument_quality/model_checkpoints/albert-base-v2_best-epoch=04-val_r2=0.60.ckpt","","","100","","5","","yes","","","","0","","hybrid","0.6831",""
"polished-sweep-40","dvcl8nxg","finished","-","lucamoro","","2021-05-03T17:49:52.000Z","317","ykf9dn7p","0.1","0.2","argument_quality/model_checkpoints/bert-base-uncased_best-epoch=07-val_r2=0.60.ckpt","","","100","","20","","no","","","","0","","hybrid","0.8227",""
"upbeat-sweep-39","3nrmlt57","finished","-","lucamoro","","2021-05-03T17:40:18.000Z","1530349","ykf9dn7p","0.1","0.2","argument_quality/model_checkpoints/bert-base-uncased_best-epoch=07-val_r2=0.60.ckpt","","","100","","20","","yes","","","","0","","hybrid","0.6801","0.6801"
"treasured-sweep-38","f272fgbs","finished","-","lucamoro","","2021-05-03T17:35:28.000Z","280","ykf9dn7p","0.1","0.2","argument_quality/model_checkpoints/bert-base-uncased_best-epoch=07-val_r2=0.60.ckpt","","","100","","15","","no","","","","0","","hybrid","0.8227",""
"daily-sweep-32","nl0qccnu","finished","-","tommaso-green","","2021-05-03T17:22:20.000Z","669","ykf9dn7p","0.1","0.1","argument_quality/model_checkpoints/roberta-base_best-epoch=08-val_r2=0.62.ckpt","","","100","","20","","no","","","","0","","hybrid","0.8224",""
"devoted-sweep-31","ofkmmt64","finished","-","tommaso-green","","2021-05-03T17:06:05.000Z","973","ykf9dn7p","0.1","0.1","argument_quality/model_checkpoints/roberta-base_best-epoch=08-val_r2=0.62.ckpt","","","100","","20","","yes","","","","0","","hybrid","0.6801",""
"absurd-sweep-30","5q8ewr4w","finished","-","tommaso-green","","2021-05-03T16:56:42.000Z","1533278","ykf9dn7p","0.1","0.1","argument_quality/model_checkpoints/roberta-base_best-epoch=08-val_r2=0.62.ckpt","","","100","","15","","no","","","","0","","hybrid","0.8224","0.8224"
"brisk-sweep-29","47llm9sl","finished","-","tommaso-green","","2021-05-03T16:42:33.000Z","1533903","ykf9dn7p","0.1","0.1","argument_quality/model_checkpoints/roberta-base_best-epoch=08-val_r2=0.62.ckpt","","","100","","15","","yes","","","","0","","hybrid","0.6801","0.6801"
"grateful-sweep-28","u98uspeo","finished","-","tommaso-green","","2021-05-03T16:36:05.000Z","382","ykf9dn7p","0.1","0.1","argument_quality/model_checkpoints/roberta-base_best-epoch=08-val_r2=0.62.ckpt","","","100","","10","","no","","","","0","","hybrid","0.8224",""
"skilled-sweep-27","xovcw1gp","finished","-","tommaso-green","","2021-05-03T16:24:10.000Z","706","ykf9dn7p","0.1","0.1","argument_quality/model_checkpoints/roberta-base_best-epoch=08-val_r2=0.62.ckpt","","","100","","10","","yes","","","","0","","hybrid","0.6801",""
"lyric-sweep-26","qxto6zx3","finished","-","tommaso-green","","2021-05-03T16:20:13.000Z","231","ykf9dn7p","0.1","0.1","argument_quality/model_checkpoints/roberta-base_best-epoch=08-val_r2=0.62.ckpt","","","100","","5","","no","","","","0","","hybrid","0.8227",""
"snowy-sweep-25","9jh7v6ve","finished","-","tommaso-green","","2021-05-03T15:06:36.000Z","4410","ykf9dn7p","0.1","0.1","argument_quality/model_checkpoints/roberta-base_best-epoch=08-val_r2=0.62.ckpt","","","100","","5","","yes","","","","0","","hybrid","0.683",""
"dashing-sweep-24","qqegt3p9","finished","-","tommaso-green","","2021-05-03T15:00:35.000Z","358","ykf9dn7p","0.1","0.1","argument_quality/model_checkpoints/distilbert-base-uncased_best-epoch=04-val_r2=0.62.ckpt","","","100","","20","","no","","","","0","","hybrid","0.8228",""
"hardy-sweep-23","qmrdbdhd","finished","-","tommaso-green","","2021-05-03T14:48:50.000Z","697","ykf9dn7p","0.1","0.1","argument_quality/model_checkpoints/distilbert-base-uncased_best-epoch=04-val_r2=0.62.ckpt","","","100","","20","","yes","","","","0","","hybrid","0.6805",""
"faithful-sweep-22","gbj4ucmj","finished","-","tommaso-green","","2021-05-03T14:44:49.000Z","237","ykf9dn7p","0.1","0.1","argument_quality/model_checkpoints/distilbert-base-uncased_best-epoch=04-val_r2=0.62.ckpt","","","100","","15","","no","","","","0","","hybrid","0.8228",""
"good-sweep-21","2hpzsxn7","finished","-","tommaso-green","","2021-05-03T14:36:29.000Z","1541124","ykf9dn7p","0.1","0.1","argument_quality/model_checkpoints/distilbert-base-uncased_best-epoch=04-val_r2=0.62.ckpt","","","100","","15","","yes","","","","0","","hybrid","0.6805","0.6805"
"sage-sweep-20","fq5jpac5","finished","-","tommaso-green","","2021-05-03T14:29:19.000Z","426","ykf9dn7p","0.1","0.1","argument_quality/model_checkpoints/distilbert-base-uncased_best-epoch=04-val_r2=0.62.ckpt","","","100","","10","","yes","","","","0","","hybrid","0.6805",""
"peachy-sweep-19","cuwbnnc8","finished","-","tommaso-green","","2021-05-03T14:27:19.000Z","115","ykf9dn7p","0.1","0.1","argument_quality/model_checkpoints/distilbert-base-uncased_best-epoch=04-val_r2=0.62.ckpt","","","100","","5","","no","","","","0","","hybrid","0.8231",""
"dashing-sweep-18","moxrii4s","finished","-","tommaso-green","","2021-05-03T14:21:04.000Z","369","ykf9dn7p","0.1","0.1","argument_quality/model_checkpoints/distilbert-base-uncased_best-epoch=04-val_r2=0.62.ckpt","","","100","","5","","yes","","","","0","","hybrid","0.6835",""
"polar-sweep-20","0rw9v8td","finished","-","tommaso-green","","2021-05-03T14:18:25.000Z","1542023","ykf9dn7p","0.1","0.1","argument_quality/model_checkpoints/distilbert-base-uncased_best-epoch=04-val_r2=0.62.ckpt","","","100","","10","","no","","","","0","","hybrid","0.8228","0.8228"
"polished-sweep-16","n1z4ldtx","finished","-","tommaso-green","","2021-05-03T13:45:48.000Z","687","ykf9dn7p","0.1","0.1","argument_quality/model_checkpoints/albert-base-v2_best-epoch=04-val_r2=0.60.ckpt","","","100","","20","","no","","","","0","","hybrid","0.82",""
"floral-sweep-15","c9fpy9gj","finished","-","tommaso-green","","2021-05-03T13:30:57.000Z","885","ykf9dn7p","0.1","0.1","argument_quality/model_checkpoints/albert-base-v2_best-epoch=04-val_r2=0.60.ckpt","","","100","","20","","yes","","","","0","","hybrid","0.6801",""
"celestial-sweep-14","8chulogo","finished","-","tommaso-green","","2021-05-03T13:22:34.000Z","1546579","ykf9dn7p","0.1","0.1","argument_quality/model_checkpoints/albert-base-v2_best-epoch=04-val_r2=0.60.ckpt","","","100","","15","","no","","","","0","","hybrid","0.82","0.82"
"lively-sweep-13","8cxh4u2f","finished","-","tommaso-green","","2021-05-03T13:10:10.000Z","1547338","ykf9dn7p","0.1","0.1","argument_quality/model_checkpoints/albert-base-v2_best-epoch=04-val_r2=0.60.ckpt","","","100","","15","","yes","","","","0","","hybrid","0.6801","0.6801"
"celestial-sweep-12","4qfz0r00","finished","-","tommaso-green","","2021-05-03T13:04:30.000Z","1547030","ykf9dn7p","0.1","0.1","argument_quality/model_checkpoints/albert-base-v2_best-epoch=04-val_r2=0.60.ckpt","","","100","","10","","no","","","","0","","hybrid","0.82","0.82"
"classic-sweep-11","2rhc62f9","finished","-","tommaso-green","","2021-05-03T12:54:37.000Z","1547295","ykf9dn7p","0.1","0.1","argument_quality/model_checkpoints/albert-base-v2_best-epoch=04-val_r2=0.60.ckpt","","","100","","10","","yes","","","","0","","hybrid","0.6801","0.6801"
"vibrant-sweep-10","z0goccae","finished","-","tommaso-green","","2021-05-03T12:51:18.000Z","196","ykf9dn7p","0.1","0.1","argument_quality/model_checkpoints/albert-base-v2_best-epoch=04-val_r2=0.60.ckpt","","","100","","5","","no","","","","0","","hybrid","0.823",""
"legendary-sweep-9","7b8pc7sf","finished","-","tommaso-green","","2021-05-03T12:43:52.000Z","1548730","ykf9dn7p","0.1","0.1","argument_quality/model_checkpoints/albert-base-v2_best-epoch=04-val_r2=0.60.ckpt","","","100","","5","","yes","","","","0","","hybrid","0.683","0.683"
"peachy-sweep-8","2piqgpja","finished","-","tommaso-green","","2021-05-03T12:34:04.000Z","1548499","ykf9dn7p","0.1","0.1","argument_quality/model_checkpoints/bert-base-uncased_best-epoch=07-val_r2=0.60.ckpt","","","100","","20","","no","","","","0","","hybrid","0.8227","0.8227"
"autumn-sweep-7","2py407ou","finished","-","tommaso-green","","2021-05-03T12:20:19.000Z","1549339","ykf9dn7p","0.1","0.1","argument_quality/model_checkpoints/bert-base-uncased_best-epoch=07-val_r2=0.60.ckpt","","","100","","20","","yes","","","","0","","hybrid","0.6801","0.6801"
"true-sweep-6","inb6hf9p","finished","-","tommaso-green","","2021-05-03T12:12:53.000Z","433","ykf9dn7p","0.1","0.1","argument_quality/model_checkpoints/bert-base-uncased_best-epoch=07-val_r2=0.60.ckpt","","","100","","15","","no","","","","0","","hybrid","0.8227",""
"daily-sweep-5","hcppe31l","finished","-","tommaso-green","","2021-05-03T12:01:37.000Z","670","ykf9dn7p","0.1","0.1","argument_quality/model_checkpoints/bert-base-uncased_best-epoch=07-val_r2=0.60.ckpt","","","100","","15","","yes","","","","0","","hybrid","0.6801",""
"colorful-sweep-4","2yxdek11","finished","-","tommaso-green","","2021-05-03T11:56:35.000Z","1550809","ykf9dn7p","0.1","0.1","argument_quality/model_checkpoints/bert-base-uncased_best-epoch=07-val_r2=0.60.ckpt","","","100","","10","","no","","","","0","","hybrid","0.8227","0.8227"
"ethereal-sweep-3","gwchkpcv","finished","-","tommaso-green","","2021-05-03T08:02:57.000Z","646","ykf9dn7p","0.1","0.1","argument_quality/model_checkpoints/bert-base-uncased_best-epoch=07-val_r2=0.60.ckpt","","","100","","10","","yes","","","","0","","hybrid","0.6801",""
"laced-sweep-2","88257w98","finished","-","tommaso-green","","2021-05-03T07:59:40.000Z","1565938","ykf9dn7p","0.1","0.1","argument_quality/model_checkpoints/bert-base-uncased_best-epoch=07-val_r2=0.60.ckpt","","","100","","5","","no","","","","0","","hybrid","0.823","0.823"
"upbeat-sweep-1","ujidks5s","finished","-","tommaso-green","","2021-05-03T07:52:21.000Z","436","ykf9dn7p","0.1","0.1","argument_quality/model_checkpoints/bert-base-uncased_best-epoch=07-val_r2=0.60.ckpt","","","100","","5","","yes","","","","0","","hybrid","0.683",""